Student_ID,Gender,Age,Branch,CGPA,10th_Percentage,12th_Percentage,No_of_Internships,No_of_Projects,Placed
1001,Female,20,ME,5.0,62.0,54.51,2,4,No
1002,Male,20,CSE,5.58,74.76,65.24,2,4,Yes
1003,Female,20,ME,5.0,57.82,55.43,0,5,No
1004,Male,22,ME,7.92,79.58,84.11,1,8,Yes
1005,Female,25,EE,8.81,92.22,92.61,0,2,Yes
1006,Male,21,ME,6.9,68.63,66.79,0,3,Yes
1007,Female,25,EE,7.43,79.85,72.93,0,3,Yes
1008,Female,24,CSE,5.04,65.89,69.72,2,5,Yes
1009,Male,24,ME,5.72,65.42,67.22,3,3,Yes
1010,Male,24,ECE,7.89,86.6,84.31,1,8,Yes
1011,Male,20,ME,5.29,57.49,50.37,1,3,No
1012,Male,22,CE,8.39,92.18,82.39,2,4,Yes
1013,Female,20,IT,5.28,57.75,47.81,2,8,Yes
1014,Male,20,ME,6.14,64.62,66.12,0,5,No
1015,Female,24,CE,6.16,79.35,78.14,1,8,Yes
1016,Male,21,ME,8.26,96.4,87.94,0,5,Yes
1017,Male,23,CE,5.46,58.09,57.59,4,7,Yes
1018,Female,25,IT,8.8,98.76,100,1,1,Yes
1019,Male,24,ECE,7.15,78.83,68.96,0,1,No
1020,Male,24,CSE,6.29,82.78,76.64,3,4,Yes
1021,Female,23,CSE,5.0,54.75,52.51,1,5,No
1022,Female,20,CSE,6.97,85.68,90.09,0,4,Yes
1023,Male,23,CSE,9.35,95.24,93.22,1,1,Yes
1024,Female,20,CE,7.89,91.59,84.58,0,3,Yes
1025,Male,23,CSE,7.69,88.42,86.61,4,8,Yes
1026,Female,21,CSE,5.62,60.67,51.72,0,3,No
1027,Male,24,CSE,7.6,97.08,88.52,1,4,Yes
1028,Male,24,CSE,6.98,79.13,80.28,1,4,Yes
1029,Male,25,IT,5.68,63.02,55.38,1,7,Yes
1030,Male,24,CE,7.81,98.81,90.13,1,7,Yes
1031,Female,22,IT,5.95,71.47,71.25,4,5,Yes
1032,Female,24,IT,6.86,82.51,89.41,0,1,Yes
1033,Male,24,CSE,6.97,66.8,69.17,1,2,Yes
1034,Male,25,IT,5.92,63.56,53.62,2,2,Yes
1035,Female,23,ECE,5.77,55.48,62.49,0,0,No
1036,Female,23,CSE,6.85,65.1,71.28,3,6,Yes
1037,Male,20,IT,8.36,77.43,83.17,2,7,Yes
1038,Male,21,CE,5.0,51.21,54.47,3,5,Yes
1039,Female,22,CSE,6.35,84.36,81.25,1,2,Yes
1040,Male,21,CSE,6.75,82.34,79.51,0,5,Yes
1041,Male,25,CE,6.25,76.27,83.18,4,2,Yes
1042,Male,20,ECE,6.06,66.94,71.1,4,1,Yes
1043,Male,20,EE,5.0,50.08,56.74,2,5,No
1044,Male,20,CE,9.01,95.12,96.34,0,6,Yes
1045,Female,22,IT,5.27,64.49,56.78,3,4,Yes
1046,Female,22,IT,7.28,90.85,86.32,2,4,Yes
1047,Male,25,CSE,7.58,73.19,79.41,0,1,Yes
1048,Female,22,CSE,7.98,96.65,90.88,2,1,Yes
1049,Female,24,ME,5.02,53.57,51.03,0,5,No
1050,Male,25,EE,9.61,93.74,99.23,2,2,Yes
1051,Female,23,CSE,5.73,62.21,67.48,2,4,Yes
1052,Female,23,EE,8.42,85.24,84.33,1,6,Yes
1053,Male,22,ME,8.64,91.15,86.14,1,2,Yes
1054,Female,21,CSE,5.03,65.67,65.39,0,5,No
1055,Male,23,IT,6.95,72.83,63.95,1,5,Yes
1056,Male,24,IT,5.0,50.29,46.62,3,7,Yes
1057,Female,24,ME,7.86,93.99,92.78,1,3,Yes
1058,Female,25,CSE,6.51,72.9,65.2,0,3,Yes
1059,Male,25,IT,7.44,92.48,85.75,1,3,Yes
1060,Female,22,ME,6.92,90.76,85.3,0,4,Yes
1061,Male,25,CSE,7.18,96.91,87.63,0,6,Yes
1062,Male,23,EE,7.19,77.63,71.55,2,2,Yes
1063,Female,20,ME,5.21,58.02,53.62,3,4,Yes
1064,Male,25,CSE,6.72,79.01,83.96,2,3,Yes
1065,Female,24,ME,5.62,67.01,64.72,1,3,No
1066,Female,20,ECE,6.27,67.75,73.8,0,2,No
1067,Female,24,ME,6.66,76.37,75.07,2,2,Yes
1068,Female,20,CSE,6.81,72.09,75.6,2,3,Yes
1069,Male,23,CSE,8.76,89.09,85.22,2,2,Yes
1070,Female,20,CSE,5.67,69.91,69.9,1,5,Yes
1071,Male,22,CSE,7.54,83.9,79.41,1,4,Yes
1072,Female,22,IT,5.65,72.23,67.75,2,3,Yes
1073,Female,25,CSE,5.94,60.6,59.32,4,4,Yes
1074,Male,21,IT,6.39,67.68,63.12,0,0,No
1075,Male,21,EE,6.28,86.89,78.74,1,3,Yes
1076,Female,22,CE,6.58,73.41,78.21,0,4,No
1077,Male,24,CE,5.0,54.17,48.64,1,4,No
1078,Female,23,ECE,7.87,71.69,77.17,1,4,Yes
1079,Female,21,EE,5.0,62.97,54.43,1,2,No
1080,Female,23,IT,6.13,61.34,64.07,1,5,Yes
1081,Female,25,ECE,6.83,89.39,82.95,0,1,Yes
1082,Male,20,CSE,6.18,65.07,68.55,1,1,Yes
1083,Female,22,ECE,5.19,74.2,65.65,1,3,No
1084,Male,25,ME,8.56,78.18,85.29,2,2,Yes
1085,Female,23,ECE,7.42,71.67,66.68,1,5,Yes
1086,Male,23,IT,7.29,82.84,88.28,2,2,Yes
1087,Female,24,CSE,5.0,54.31,48.85,2,6,Yes
1088,Male,24,ECE,5.0,52.66,51.99,1,3,No
1089,Male,21,CE,5.64,71.47,74.04,4,4,Yes
1090,Male,24,CSE,6.85,69.99,64.03,0,7,Yes
1091,Male,25,IT,7.46,84.57,82.05,1,3,Yes
1092,Male,24,ECE,8.09,93.09,98.64,2,3,Yes
1093,Male,20,IT,7.04,64.63,65.19,1,1,Yes
1094,Male,24,ME,7.36,68.48,75.27,4,2,Yes
1095,Female,23,CSE,8.65,86.49,89.18,1,4,Yes
1096,Female,23,CE,5.0,56.19,63.57,0,6,No
1097,Female,20,EE,5.56,70.09,71.88,1,7,Yes
1098,Female,25,CSE,6.13,66.1,68.24,4,4,Yes
1099,Male,24,CSE,5.87,53.35,54.71,4,5,Yes
1100,Male,25,EE,5.0,54.92,47.91,0,3,No
1101,Male,23,CSE,7.55,76.03,76.22,0,1,Yes
1102,Female,21,ECE,7.14,78.57,72.75,1,4,Yes
1103,Male,22,EE,5.0,57.74,55.69,1,4,No
1104,Male,22,CSE,5.51,68.85,67.55,1,4,Yes
1105,Male,25,IT,5.45,50.4,55.97,4,6,Yes
1106,Female,22,ME,5.04,61.28,65.71,0,2,No
1107,Female,25,ME,7.9,80.78,87.04,1,3,Yes
1108,Female,20,CE,5.11,66.01,63.49,2,6,No
1109,Male,22,ME,5.81,62.59,67.43,2,5,Yes
1110,Male,20,CSE,9.42,97.36,100,4,7,Yes
1111,Male,23,CSE,7.2,76.29,74.48,2,4,Yes
1112,Female,20,EE,7.69,73.1,74.25,1,4,Yes
1113,Female,23,CE,5.0,64.81,62.16,3,3,No
1114,Male,24,CSE,7.18,72.23,74.3,3,3,Yes
1115,Male,23,EE,9.28,90.85,91.93,1,5,Yes
1116,Male,21,ME,5.15,54.87,57.21,4,3,No
1117,Male,20,CE,7.07,90.39,82.04,2,8,Yes
1118,Male,21,ME,5.76,60.06,65.0,1,5,No
1119,Female,24,CSE,7.06,92.06,84.66,1,2,Yes
1120,Male,20,IT,6.84,88.63,89.23,1,1,Yes
1121,Male,20,ECE,6.96,88.12,87.36,1,7,Yes
1122,Female,25,ECE,5.8,72.44,79.79,1,3,Yes
1123,Male,23,CSE,5.0,53.96,54.91,1,4,No
1124,Male,24,ECE,5.58,72.23,73.13,2,6,Yes
1125,Female,25,ME,6.46,71.07,77.06,2,3,Yes
1126,Male,22,EE,6.84,68.34,61.09,0,6,No
1127,Male,25,IT,5.77,56.38,47.46,1,4,No
1128,Female,23,ME,8.26,85.33,92.76,1,4,Yes
1129,Female,21,ME,5.12,67.16,67.17,1,2,No
1130,Female,24,EE,7.94,81.49,71.96,2,2,Yes
1131,Female,22,CE,5.0,67.2,60.47,2,1,No
1132,Female,20,ME,5.0,60.54,58.1,1,5,No
1133,Female,20,CE,5.0,57.62,61.2,0,3,No
1134,Female,23,CSE,7.3,86.99,79.04,1,4,Yes
1135,Female,20,CSE,7.73,98.24,89.23,3,5,Yes
1136,Male,20,CSE,7.2,86.6,79.76,2,4,Yes
1137,Female,20,IT,7.58,86.36,84.21,0,3,Yes
1138,Male,25,IT,5.0,55.64,46.02,2,4,No
1139,Female,20,ECE,5.0,55.19,53.03,0,6,No
1140,Male,21,CSE,6.54,81.03,80.58,2,3,Yes
1141,Female,21,CSE,5.1,57.18,50.73,2,4,No
1142,Female,23,ECE,7.44,77.62,78.05,3,4,Yes
1143,Male,25,IT,6.68,71.55,69.99,2,4,Yes
1144,Male,23,ECE,5.0,52.79,57.76,3,6,Yes
1145,Male,23,ECE,7.75,96.76,100,3,4,Yes
1146,Female,24,CSE,5.37,53.03,45,1,5,No
1147,Male,21,EE,9.11,98.56,97.99,1,6,Yes
1148,Female,25,ECE,7.01,88.67,90.32,0,4,Yes
1149,Female,25,CE,5.83,79.53,72.24,2,6,Yes
1150,Female,25,IT,6.98,79.16,86.04,1,5,Yes
1151,Female,25,CE,8.56,94.71,86.39,1,0,Yes
1152,Female,22,CE,5.51,73.83,67.91,0,6,No
1153,Female,25,CE,5.13,51.85,47.91,0,3,No
1154,Female,24,ME,5.0,58.11,55.99,2,2,No
1155,Male,25,ME,6.39,61.47,55.78,2,6,Yes
1156,Female,24,CE,6.03,72.62,67.69,1,7,Yes
1157,Female,21,ME,5.0,52.56,51.21,3,5,No
1158,Male,20,ME,5.14,63.37,69.67,1,7,No
1159,Male,22,CE,5.9,70.33,67.47,1,1,No
1160,Male,20,ME,6.69,81.85,86.09,1,6,Yes
1161,Male,25,ECE,6.34,80.15,86.46,0,1,Yes
1162,Female,23,CSE,5.0,64.12,59.54,1,5,No
1163,Male,23,ECE,5.0,50.81,50.09,0,3,No
1164,Male,23,CSE,7.09,82.74,82.16,4,4,Yes
1165,Male,20,IT,7.79,73.04,74.48,1,0,Yes
1166,Male,25,EE,5.59,55.08,55.55,0,3,No
1167,Female,25,ECE,8.38,84.07,85.44,0,5,Yes
1168,Male,20,ME,7.76,93.4,89.08,1,5,Yes
1169,Male,25,CSE,7.13,67.49,71.55,1,1,Yes
1170,Female,25,ECE,7.79,96.87,92.97,2,3,Yes
1171,Male,20,EE,5.66,53.87,54.71,1,3,No
1172,Female,22,ECE,7.22,85.17,78.17,1,5,Yes
1173,Female,23,CSE,7.89,98.02,100,2,3,Yes
1174,Female,20,CSE,6.25,79.77,83.83,0,5,Yes
1175,Male,24,CSE,5.0,57.52,55.62,1,1,No
1176,Male,22,EE,5.81,62.23,54.27,1,3,No
1177,Male,22,EE,5.96,60.51,61.52,4,2,Yes
1178,Male,21,CE,6.52,71.81,63.39,2,3,Yes
1179,Male,24,IT,6.0,64.7,57.54,2,2,No
1180,Male,21,ME,5.16,61.6,60.49,1,3,No
1181,Male,20,CSE,6.34,69.51,72.41,1,3,Yes
1182,Male,22,EE,6.21,72.05,74.29,3,5,Yes
1183,Male,21,ECE,7.21,94.62,85.62,0,2,Yes
1184,Female,22,CE,5.56,75.43,70.54,0,7,No
1185,Female,24,ECE,7.46,74.63,67.67,0,4,Yes
1186,Female,24,CSE,9.0,92.33,83.79,2,2,Yes
1187,Female,24,EE,6.25,74.4,75.69,4,3,Yes
1188,Female,22,ECE,7.01,83.74,76.59,1,3,Yes
1189,Female,22,ME,7.75,92.18,99.74,1,4,Yes
1190,Male,22,ECE,5.78,56.9,47.81,3,3,Yes
1191,Female,22,CE,6.57,85.34,78.76,4,3,Yes
1192,Male,20,CE,6.38,74.77,82.17,1,1,Yes
1193,Female,25,EE,5.0,64.0,54.15,0,2,No
1194,Male,20,IT,6.85,77.94,71.44,0,4,Yes
1195,Male,24,EE,5.11,55.82,63.37,2,3,No
1196,Female,21,ECE,5.0,69.67,60.39,2,5,No
1197,Male,24,CSE,8.16,95.64,91.37,2,6,Yes
1198,Male,24,ECE,8.18,84.73,80.13,1,4,Yes
1199,Female,25,ME,6.75,80.83,81.57,2,8,Yes
1200,Male,20,ECE,5.6,58.36,59.68,2,1,No
1201,Male,25,CSE,5.0,50.93,46.58,2,3,No
1202,Female,25,EE,7.73,84.58,83.92,4,3,Yes
1203,Female,23,CE,6.5,66.77,63.15,2,4,Yes
1204,Female,21,CE,6.58,63.67,59.04,4,5,Yes
1205,Female,23,IT,7.05,67.09,73.9,1,1,Yes
1206,Male,23,ME,8.35,96.78,100,1,5,Yes
1207,Male,22,ME,5.12,60.49,65.39,1,2,No
1208,Female,21,CSE,7.77,82.82,82.38,0,3,Yes
1209,Male,21,CSE,7.01,76.97,83.69,3,6,Yes
1210,Male,22,IT,6.65,81.65,87.99,1,4,Yes
1211,Female,21,IT,7.39,91.04,97.85,2,5,Yes
1212,Female,22,ME,5.0,50.45,50.67,4,2,Yes
1213,Male,23,CE,5.0,56.58,55.66,2,3,No
1214,Female,25,CSE,8.1,86.09,90.32,2,2,Yes
1215,Female,23,ECE,5.0,54.25,56.3,0,3,No
1216,Male,21,ECE,5.69,63.08,59.01,1,2,No
1217,Male,25,CSE,5.74,65.03,62.33,3,5,Yes
1218,Male,22,IT,5.75,60.82,68.05,1,8,Yes
1219,Female,23,ME,8.88,89.3,94.16,2,4,Yes
1220,Male,24,EE,5.0,53.83,53.99,1,4,No
1221,Male,22,ME,7.07,71.65,73.9,1,6,Yes
1222,Male,21,ECE,6.02,72.38,63.42,2,5,Yes
1223,Female,25,CSE,5.2,53.58,51.21,1,1,No
1224,Female,23,CSE,7.11,70.03,73.87,4,4,Yes
1225,Female,23,ECE,7.39,94.94,91.73,4,6,Yes
1226,Female,20,CSE,7.39,76.33,75.85,0,0,No
1227,Male,25,EE,5.58,70.78,67.61,1,2,No
1228,Female,20,CSE,8.51,82.35,83.42,3,2,Yes
1229,Female,23,ECE,7.77,84.46,75.34,1,2,Yes
1230,Female,20,CSE,9.62,98.68,92.89,1,4,Yes
1231,Female,21,IT,5.0,57.02,58.9,1,1,No
1232,Female,21,EE,7.47,70.93,69.85,3,4,Yes
1233,Male,23,IT,5.61,64.69,58.0,0,2,No
1234,Male,23,CE,7.45,77.56,84.98,0,2,Yes
1235,Female,23,ME,5.0,54.53,57.57,1,4,No
1236,Female,21,ME,6.51,78.79,80.88,0,6,Yes
1237,Female,21,CE,9.59,97.14,89.25,1,2,Yes
1238,Male,21,ECE,7.86,88.0,84.85,1,2,Yes
1239,Male,20,ME,7.42,85.4,89.11,0,3,Yes
1240,Female,25,CSE,6.15,62.78,69.61,1,2,No
1241,Male,21,ECE,6.91,82.08,84.41,2,7,Yes
1242,Male,21,ME,5.83,67.26,59.78,0,6,Yes
1243,Female,24,CSE,8.95,91.49,98.5,2,3,Yes
1244,Male,25,CSE,5.0,60.72,58.93,2,7,Yes
1245,Female,20,CSE,6.56,77.03,67.24,1,8,Yes
1246,Female,25,ECE,9.34,96.05,89.28,1,2,Yes
1247,Male,22,CSE,5.88,69.45,66.16,1,8,Yes
1248,Female,20,EE,7.47,92.05,95.72,1,4,Yes
1249,Male,21,CSE,7.9,91.42,93.03,4,8,Yes
1250,Female,21,CSE,8.54,92.54,98.52,0,1,Yes
1251,Female,24,EE,5.0,58.79,64.1,0,1,No
1252,Female,20,IT,7.83,77.63,77.83,2,4,Yes
1253,Female,25,EE,5.98,74.54,82.08,1,6,Yes
1254,Female,24,IT,6.94,87.9,78.43,4,3,Yes
1255,Female,23,CSE,7.59,78.71,75.55,1,2,Yes
1256,Male,23,EE,7.0,81.06,84.37,0,0,No
1257,Male,22,CSE,5.0,54.28,52.04,1,1,No
1258,Female,24,ECE,5.29,65.9,62.83,1,1,No
1259,Female,21,ECE,5.0,58.31,55.16,1,3,No
1260,Male,23,IT,8.86,88.35,84.85,2,3,Yes
1261,Male,21,IT,8.79,96.49,92.47,2,3,Yes
1262,Female,25,CE,5.98,56.67,52.44,0,3,No
1263,Female,22,ME,8.3,81.01,88.43,1,2,Yes
1264,Male,24,CSE,9.24,98.87,92.11,0,5,Yes
1265,Male,22,ME,5.75,53.39,58.65,2,1,No
1266,Male,21,EE,8.77,88.66,79.99,1,3,Yes
1267,Female,25,IT,5.48,51.8,59.23,2,4,Yes
1268,Male,21,EE,5.05,67.4,69.05,4,4,Yes
1269,Female,23,CSE,5.26,54.83,48.83,1,5,No
1270,Male,23,ME,6.68,78.84,77.85,0,1,No
1271,Female,20,ME,7.18,85.78,82.05,2,4,Yes
1272,Male,25,EE,6.44,65.63,61.03,0,6,Yes
1273,Female,21,CE,7.86,86.28,85.57,1,3,Yes
1274,Female,25,CSE,6.09,81.38,79.16,2,2,Yes
1275,Male,25,CSE,6.56,63.64,66.31,1,5,Yes
1276,Male,21,ECE,5.97,62.86,68.39,2,4,Yes
1277,Female,22,IT,6.63,72.44,65.55,2,6,Yes
1278,Female,22,CSE,6.01,64.96,58.25,1,3,No
1279,Male,21,ECE,8.2,76.33,82.87,0,2,Yes
1280,Male,23,EE,8.6,92.41,99.54,0,3,Yes
1281,Female,23,EE,6.54,70.37,75.49,0,0,No
1282,Male,22,CSE,6.11,64.14,68.19,2,3,Yes
1283,Female,22,ME,8.75,90.34,86.94,0,5,Yes
1284,Female,20,ME,8.03,82.03,76.49,0,2,Yes
1285,Male,20,ME,5.96,61.61,66.2,1,5,Yes
1286,Male,21,ME,8.46,89.86,94.36,1,4,Yes
1287,Female,22,IT,7.09,63.1,68.54,2,1,Yes
1288,Female,20,CE,8.86,92.49,84.77,0,5,Yes
1289,Female,25,IT,5.5,56.97,58.35,1,1,No
1290,Female,23,ECE,5.72,63.63,70.48,4,3,Yes
1291,Female,25,CSE,9.33,97.64,99.07,3,5,Yes
1292,Female,21,ECE,5.82,65.82,60.92,0,6,Yes
1293,Female,20,CSE,6.33,80.68,85.74,3,2,Yes
1294,Female,23,CSE,7.55,83.74,76.11,0,7,Yes
1295,Female,22,CSE,6.43,82.56,84.24,2,5,Yes
1296,Male,20,EE,5.0,50.05,48.63,0,4,No
1297,Female,20,CE,5.0,70.69,63.07,1,5,No
1298,Male,22,CSE,7.19,87.9,91.46,4,1,Yes
1299,Male,25,CSE,6.37,67.21,61.04,3,4,Yes
1300,Male,20,CSE,5.0,56.03,59.17,1,5,No
1301,Female,21,ECE,7.86,79.4,80.34,2,6,Yes
1302,Male,24,ECE,5.55,59.24,56.29,2,5,No
1303,Male,21,ECE,8.24,79.1,78.61,4,7,Yes
1304,Female,24,IT,6.53,76.77,69.88,4,1,Yes
1305,Male,21,CSE,5.0,52.96,57.17,2,4,No
1306,Female,20,EE,5.55,76.35,69.1,0,7,Yes
1307,Male,22,IT,7.96,81.08,86.1,0,5,Yes
1308,Female,20,CSE,8.49,95.31,87.4,0,4,Yes
1309,Male,20,EE,8.36,84.37,77.32,1,5,Yes
1310,Male,21,ME,7.58,92.8,95.99,3,3,Yes
1311,Male,22,EE,6.55,78.26,69.65,1,3,Yes
1312,Male,22,ME,7.62,93.82,95.95,2,0,Yes
1313,Male,20,ECE,6.9,68.77,61.47,3,4,Yes
1314,Female,23,CSE,5.45,62.16,68.65,2,4,No
1315,Female,20,CSE,9.48,89.41,97.08,0,3,Yes
1316,Female,22,CSE,5.86,72.38,69.02,2,5,Yes
1317,Male,23,CE,8.18,88.02,91.2,2,2,Yes
1318,Male,24,IT,9.55,91.14,96.93,0,4,Yes
1319,Female,20,CSE,9.83,98.17,95.73,4,1,Yes
1320,Male,21,CE,6.6,75.47,78.09,4,1,Yes
1321,Male,23,CSE,8.02,77.82,75.65,0,2,Yes
1322,Female,25,ME,5.22,65.99,64.14,3,1,Yes
1323,Male,20,CSE,6.52,72.84,70.16,4,2,Yes
1324,Male,20,CSE,8.35,89.57,85.05,2,2,Yes
1325,Male,25,CSE,6.46,67.43,66.67,1,8,Yes
1326,Male,23,ECE,5.6,76.96,68.67,2,1,No
1327,Female,21,CSE,8.3,90.36,87.06,2,4,Yes
1328,Female,20,CE,6.19,59.69,61.32,0,6,Yes
1329,Male,23,CSE,9.01,95.28,93.08,1,3,Yes
1330,Male,21,CSE,6.41,71.85,64.53,2,4,Yes
1331,Female,23,CSE,5.0,63.71,56.18,3,4,Yes
1332,Female,20,CE,7.9,88.31,84.77,1,6,Yes
1333,Male,21,CSE,7.45,79.26,69.79,1,5,Yes
1334,Male,24,CE,8.8,97.73,89.53,1,5,Yes
1335,Male,21,ECE,9.74,98.15,95.14,4,2,Yes
1336,Male,25,EE,8.59,94.79,85.3,3,4,Yes
1337,Male,23,ECE,5.0,58.6,49.28,2,0,No
1338,Male,24,CSE,6.21,56.39,59.29,2,3,No
1339,Female,21,ME,9.59,91.48,96.97,1,7,Yes
1340,Male,22,IT,8.75,97.82,100,2,3,Yes
1341,Female,24,EE,8.12,95.51,99.68,1,2,Yes
1342,Female,21,CSE,5.0,50.09,52.73,3,5,Yes
1343,Male,22,CE,8.65,97.41,91.39,3,1,Yes
1344,Male,22,CSE,8.53,93.38,84.98,2,6,Yes
1345,Male,21,EE,6.76,67.17,71.34,0,3,No
1346,Male,23,ECE,5.21,68.56,68.39,1,6,Yes
1347,Female,21,ECE,6.45,89.16,79.76,1,1,Yes
1348,Female,21,ME,6.21,76.81,82.98,1,4,Yes
1349,Male,25,CSE,7.14,93.6,86.43,0,2,Yes
1350,Female,25,ECE,6.23,82.37,77.72,1,4,Yes
1351,Male,20,IT,6.13,64.43,66.35,0,0,No
1352,Male,20,ECE,5.13,55.66,59.79,3,2,No
1353,Male,22,CE,5.47,68.1,66.12,1,2,No
1354,Male,25,EE,5.0,54.2,50.39,4,4,Yes
1355,Female,24,IT,7.05,76.24,81.84,3,3,Yes
1356,Female,25,CSE,7.16,77.99,77.29,4,1,Yes
1357,Male,21,CE,7.53,89.61,81.88,4,3,Yes
1358,Female,24,CSE,7.72,94.63,100,1,3,Yes
1359,Male,23,CE,5.0,50.61,53.22,2,1,No
1360,Female,24,ME,8.97,96.04,100,0,2,Yes
1361,Male,23,CSE,7.34,82.08,82.38,0,3,Yes
1362,Female,23,CSE,7.61,93.59,89.56,2,7,Yes
1363,Male,22,IT,8.91,91.3,96.75,4,2,Yes
1364,Female,22,CSE,5.66,70.42,72.04,0,6,Yes
1365,Female,22,ME,6.0,75.25,68.11,1,1,Yes
1366,Female,20,CSE,7.01,92.88,86.49,0,1,Yes
1367,Male,22,ME,5.89,74.75,76.19,0,3,No
1368,Male,23,ECE,6.67,67.14,60.08,2,5,Yes
1369,Male,21,ME,6.99,88.21,82.07,0,2,Yes
1370,Male,25,CSE,8.84,94.66,96.31,0,2,Yes
1371,Male,25,EE,5.86,70.77,67.55,1,3,No
1372,Female,23,ECE,6.01,50.36,58.35,2,4,Yes
1373,Male,25,CSE,5.47,53.13,60.92,3,2,Yes
1374,Female,22,CSE,5.46,75.35,69.68,3,5,Yes
1375,Male,21,EE,7.17,82.11,90.06,1,3,Yes
1376,Female,24,ME,6.59,66.82,69.66,2,3,Yes
1377,Male,22,ME,7.7,91.19,96.97,0,1,Yes
1378,Female,21,CE,7.88,94.08,95.86,0,6,Yes
1379,Female,22,CSE,5.97,64.41,69.73,3,4,Yes
1380,Male,21,ECE,7.7,92.51,89.38,0,6,Yes
1381,Male,23,CE,7.86,93.75,100,3,2,Yes
1382,Male,21,IT,5.0,52.84,50.98,2,4,No
1383,Female,20,CSE,6.14,71.25,68.98,1,0,No
1384,Female,20,CE,6.66,87.09,86.65,0,5,Yes
1385,Female,22,CSE,5.42,68.79,69.39,2,2,No
1386,Female,24,ECE,5.64,71.25,73.61,4,3,Yes
1387,Male,23,CSE,5.14,60.99,68.72,0,4,No
1388,Female,20,IT,7.79,81.38,85.26,1,0,Yes
1389,Female,20,EE,6.31,70.42,67.26,1,2,Yes
1390,Female,22,IT,5.21,54.95,54.32,2,3,Yes
1391,Male,24,CSE,5.0,55.59,47.5,0,2,No
1392,Male,25,IT,6.19,57.86,57.73,2,3,No
1393,Male,20,CE,7.43,90.93,92.97,0,4,Yes
1394,Male,22,EE,6.29,72.38,79.97,0,5,Yes
1395,Female,22,ME,5.05,65.32,68.61,2,0,No
1396,Female,21,IT,8.17,93.83,100,2,3,Yes
1397,Male,23,CE,6.4,63.32,60.26,2,4,Yes
1398,Male,25,EE,7.96,98.1,100,3,3,Yes
1399,Male,24,IT,6.1,67.57,58.09,2,8,Yes
1400,Female,20,CE,6.42,71.59,62.73,0,6,Yes
1401,Female,25,ECE,8.52,97.92,99.98,1,5,Yes
1402,Female,21,ECE,6.65,82.52,84.07,2,6,Yes
1403,Male,21,ECE,5.72,73.0,71.93,2,3,Yes
1404,Male,24,CSE,6.58,81.52,78.78,1,5,Yes
1405,Female,23,IT,7.75,98.05,100,1,0,Yes
1406,Female,24,CE,7.73,81.24,87.26,2,3,Yes
1407,Female,21,ME,6.38,66.27,70.08,2,3,Yes
1408,Male,25,CSE,7.34,66.73,71.67,1,4,Yes
1409,Male,21,ECE,8.06,90.27,93.64,1,2,Yes
1410,Female,21,ECE,7.14,88.29,91.19,1,7,Yes
1411,Female,23,ECE,8.17,78.88,77.96,0,5,Yes
1412,Male,24,ECE,6.26,74.91,81.49,1,5,Yes
1413,Male,24,ECE,5.99,65.77,71.64,2,5,Yes
1414,Male,22,CE,5.95,72.19,64.59,2,5,Yes
1415,Female,22,EE,7.97,95.84,97.23,2,2,Yes
1416,Female,25,EE,9.15,96.96,96.03,1,1,Yes
1417,Male,24,CE,8.67,84.8,86.94,1,6,Yes
1418,Male,20,CSE,5.0,57.12,59.18,2,2,No
1419,Male,20,EE,5.0,64.46,68.02,2,1,No
1420,Female,21,ME,7.4,77.5,71.78,2,2,Yes
1421,Female,23,IT,9.2,88.62,90.95,0,5,Yes
1422,Female,23,ME,8.99,94.66,97.34,2,4,Yes
1423,Female,21,IT,5.0,58.69,60.98,0,4,No
1424,Male,24,CSE,5.0,57.89,63.12,1,7,No
1425,Female,24,CSE,9.05,95.69,96.77,1,4,Yes
1426,Female,22,ECE,9.38,96.89,96.26,0,4,Yes
1427,Male,21,EE,6.83,66.22,61.5,2,3,Yes
1428,Female,25,CSE,8.33,82.78,80.8,2,4,Yes
1429,Female,22,IT,7.07,89.01,81.05,2,0,Yes
1430,Female,24,ME,7.01,71.83,62.62,0,4,Yes
1431,Male,24,ECE,7.3,80.72,74.51,0,5,Yes
1432,Male,25,ME,8.43,86.33,84.16,0,5,Yes
1433,Female,20,CSE,5.07,52.66,56.96,1,2,No
1434,Male,25,IT,5.0,65.5,62.51,0,5,No
1435,Female,20,EE,5.0,53.56,60.26,2,3,No
1436,Female,23,IT,6.88,90.28,80.83,0,5,Yes
1437,Female,22,CE,6.23,57.06,59.25,2,5,Yes
1438,Female,24,ME,5.0,56.93,47.68,1,4,No
1439,Male,25,CE,6.25,66.85,64.28,1,2,No
1440,Female,21,CSE,6.4,82.88,83.09,2,8,Yes
1441,Female,20,IT,5.0,53.3,45.07,1,3,No
1442,Female,20,IT,5.0,53.42,46.9,1,4,No
1443,Male,24,IT,5.0,65.5,63.21,0,2,No
1444,Male,22,CSE,7.9,85.92,91.72,1,3,Yes
1445,Male,24,CSE,6.9,63.75,68.63,0,5,Yes
1446,Female,20,ME,7.68,80.95,85.58,2,2,Yes
1447,Male,24,ECE,7.1,87.98,84.56,2,5,Yes
1448,Male,24,CSE,5.04,67.83,58.02,4,8,Yes
1449,Female,21,ECE,5.99,58.78,65.86,4,5,Yes
1450,Male,21,ME,5.0,61.36,56.12,2,4,No
1451,Male,23,CE,5.0,51.96,53.63,4,4,No
1452,Female,24,ECE,5.02,58.52,60.29,2,6,No
1453,Male,21,ECE,6.28,67.29,72.91,1,4,Yes
1454,Male,21,CSE,5.71,75.21,70.26,0,4,Yes
1455,Female,23,ME,7.57,85.29,83.96,0,2,Yes
1456,Male,20,CSE,6.8,79.03,71.46,3,1,Yes
1457,Female,24,CE,5.99,79.37,79.51,2,4,Yes
1458,Male,23,ECE,5.85,73.1,71.77,1,1,No
1459,Female,24,EE,5.43,62.96,66.0,1,4,No
1460,Male,20,CSE,7.53,75.61,81.98,2,4,Yes
1461,Female,24,CSE,7.0,88.41,87.47,1,1,Yes
1462,Female,25,EE,5.56,75.58,72.25,1,2,No
1463,Female,23,IT,9.14,89.43,95.77,1,3,Yes
1464,Female,20,IT,7.5,92.96,90.32,2,5,Yes
1465,Male,20,IT,5.39,60.07,64.55,0,3,No
1466,Male,24,IT,6.32,67.92,62.88,2,3,Yes
1467,Male,22,ECE,7.17,73.7,81.49,2,3,Yes
1468,Female,20,ME,5.77,71.88,74.47,0,3,No
1469,Female,25,EE,5.0,52.55,49.55,2,6,No
1470,Female,20,CSE,5.0,60.87,52.31,1,8,Yes
1471,Male,25,CE,5.0,52.82,56.74,1,0,No
1472,Female,24,IT,5.0,51.65,52.44,0,2,No
1473,Male,20,CE,5.0,54.26,49.23,2,3,No
1474,Male,25,CSE,5.47,54.42,49.54,3,3,Yes
1475,Male,24,CE,5.19,72.28,69.55,0,4,No
1476,Male,22,CE,9.27,89.34,96.56,2,4,Yes
1477,Female,24,ECE,6.06,61.92,58.03,2,6,Yes
1478,Male,22,CSE,8.07,81.05,88.95,0,3,Yes
1479,Male,20,EE,5.2,62.9,58.07,2,3,No
1480,Male,22,IT,9.28,93.82,88.66,2,6,Yes
1481,Male,25,CSE,6.21,63.0,57.13,2,3,Yes
1482,Male,20,EE,8.11,82.51,83.56,1,0,Yes
1483,Female,23,CE,7.86,93.17,93.51,0,5,Yes
1484,Male,24,CSE,7.77,75.76,73.38,0,3,Yes
1485,Female,23,CE,7.96,84.21,82.49,0,2,Yes
1486,Male,24,ME,5.0,59.17,53.9,4,3,No
1487,Male,23,EE,5.85,68.24,73.62,0,1,No
1488,Male,20,EE,8.9,89.4,89.4,0,5,Yes
1489,Male,20,CSE,7.9,74.48,82.4,1,5,Yes
1490,Male,24,ME,5.0,52.34,45,0,2,No
1491,Male,25,IT,7.13,67.69,67.78,1,0,No
1492,Female,24,CSE,6.33,78.22,79.9,2,3,Yes
1493,Male,25,ECE,5.0,53.84,54.89,4,6,Yes
1494,Female,23,EE,6.23,78.01,83.29,0,2,No
1495,Male,22,ECE,7.19,69.38,75.36,3,5,Yes
1496,Male,21,CSE,5.13,51.13,54.23,3,5,No
1497,Male,20,CSE,7.49,95.9,94.42,2,4,Yes
1498,Male,24,CSE,7.2,82.09,88.03,0,2,Yes
1499,Male,21,CSE,7.25,82.51,88.0,1,8,Yes
1500,Male,23,CSE,8.89,96.48,96.19,1,5,Yes
1501,Male,25,EE,5.79,65.17,61.42,2,3,No
1502,Male,22,CSE,6.1,75.64,79.29,1,4,Yes
1503,Male,23,IT,8.31,87.53,91.89,2,4,Yes
1504,Female,23,IT,5.1,58.0,61.27,1,2,No
1505,Male,24,ME,7.88,83.55,78.67,2,3,Yes
1506,Male,22,CSE,6.91,72.31,70.46,1,3,Yes
1507,Female,20,CSE,5.24,55.01,49.86,2,2,No
1508,Male,22,IT,7.61,88.5,87.47,2,0,Yes
1509,Female,21,CSE,7.46,88.01,79.29,0,6,Yes
1510,Female,20,CE,8.65,85.02,81.95,0,8,Yes
1511,Female,20,ECE,9.2,98.12,96.63,1,3,Yes
1512,Male,24,ECE,5.0,62.41,63.9,3,6,Yes
1513,Male,25,ECE,5.0,50.74,55.04,1,2,No
1514,Female,25,ECE,5.99,79.21,75.9,0,1,No
1515,Female,25,CSE,5.83,67.42,60.19,0,3,No
1516,Female,25,ME,7.22,89.47,87.37,2,3,Yes
1517,Female,23,EE,6.93,77.39,77.16,1,4,Yes
1518,Male,24,CE,5.72,77.17,68.41,1,2,No
1519,Male,25,ECE,8.29,85.95,91.84,1,4,Yes
1520,Male,24,ME,6.08,59.3,61.6,0,2,No
1521,Male,20,ECE,5.0,53.27,58.3,3,2,No
1522,Male,24,EE,6.46,69.04,67.86,1,0,No
1523,Female,20,CE,6.3,60.23,59.08,0,5,No
1524,Female,23,ME,7.88,88.92,79.97,1,5,Yes
1525,Male,21,CE,5.14,54.76,57.81,0,4,No
1526,Female,21,ECE,7.75,77.35,80.78,1,4,Yes
1527,Male,20,CSE,5.0,58.84,56.07,0,8,No
1528,Male,22,ECE,8.74,98.85,100,2,6,Yes
1529,Male,24,CSE,7.59,87.52,94.19,4,3,Yes
1530,Female,22,ECE,6.66,75.36,83.24,1,2,Yes
1531,Male,25,ME,8.69,95.04,94.24,1,1,Yes
1532,Male,22,IT,7.55,78.53,72.72,0,3,Yes
1533,Female,25,IT,7.53,73.64,72.43,2,5,Yes
1534,Female,20,ME,5.59,78.24,69.65,2,3,Yes
1535,Male,20,ME,5.82,61.11,62.86,0,5,No
1536,Male,20,IT,7.28,77.68,73.56,0,4,Yes
1537,Female,24,ECE,5.48,54.41,52.18,0,3,No
1538,Female,24,IT,5.49,54.17,53.2,0,1,No
1539,Male,25,ECE,7.39,77.5,85.45,0,2,Yes
1540,Female,24,CSE,6.99,82.92,80.54,1,4,Yes
1541,Male,22,EE,7.92,98.52,96.48,0,5,Yes
1542,Male,25,ME,5.67,55.51,46.49,3,6,Yes
1543,Male,25,ME,5.37,64.95,63.43,2,2,No
1544,Female,24,ECE,7.86,85.77,78.31,0,4,Yes
1545,Male,21,CSE,5.0,59.83,62.37,1,7,No
1546,Female,25,ME,6.51,82.34,87.9,3,4,Yes
1547,Male,25,CSE,6.22,65.46,71.06,0,4,No
1548,Female,20,CSE,8.34,95.19,90.68,2,0,Yes
1549,Male,22,CSE,9.52,97.93,96.95,2,6,Yes
1550,Female,20,CE,8.04,96.51,90.57,1,1,Yes
1551,Male,25,EE,6.37,80.65,74.74,0,8,Yes
1552,Male,24,CSE,7.84,81.97,82.43,0,1,Yes
1553,Female,21,ECE,9.06,94.54,98.4,1,2,Yes
1554,Male,25,CSE,6.71,65.56,71.39,2,6,Yes
1555,Male,23,ME,8.76,90.26,91.72,0,2,Yes
1556,Male,24,EE,7.45,79.67,80.69,0,0,No
1557,Female,21,ECE,6.99,79.63,82.45,3,3,Yes
1558,Male,20,IT,9.97,97.47,100,0,4,Yes
1559,Male,21,CE,8.9,98.3,100,1,3,Yes
1560,Male,20,ECE,8.01,90.39,93.35,3,4,Yes
1561,Female,25,ME,7.5,75.51,73.64,0,8,Yes
1562,Male,25,CSE,7.49,68.98,72.75,0,3,Yes
1563,Female,22,ECE,5.34,70.7,71.74,1,1,No
1564,Male,25,ECE,6.26,58.81,59.35,1,3,No
1565,Male,23,ECE,7.25,84.92,78.55,1,5,Yes
1566,Female,25,ME,5.35,54.47,57.18,0,5,No
1567,Female,24,CE,6.67,68.56,65.41,3,4,Yes
1568,Male,21,CSE,7.07,84.89,82.44,2,3,Yes
1569,Male,21,CE,5.0,50.17,53.95,1,3,No
1570,Female,23,CSE,6.82,78.85,77.41,0,4,Yes
1571,Male,24,EE,7.08,90.19,83.93,0,3,Yes
1572,Male,24,ME,5.03,64.62,71.19,1,2,No
1573,Female,25,EE,8.15,78.04,78.16,2,3,Yes
1574,Female,22,IT,5.6,68.57,59.79,1,2,No
1575,Female,22,IT,5.35,70.27,64.05,0,4,Yes
1576,Male,20,ECE,9.01,83.74,90.55,1,4,Yes
1577,Male,24,IT,5.13,56.36,56.49,2,3,No
1578,Female,25,IT,5.0,59.48,51.61,2,5,No
1579,Female,23,IT,6.31,66.36,66.45,0,2,No
1580,Female,22,IT,6.17,76.95,80.76,1,3,Yes
1581,Female,21,CSE,8.42,90.86,97.46,1,0,Yes
1582,Male,23,CE,7.37,76.31,72.34,1,5,Yes
1583,Male,25,EE,6.7,77.2,67.54,1,6,Yes
1584,Male,21,IT,5.29,51.53,59.24,2,4,No
1585,Female,22,EE,5.26,65.41,55.98,1,2,No
1586,Female,21,ECE,5.0,58.58,55.32,0,1,No
1587,Female,24,CSE,6.84,66.67,65.37,1,3,Yes
1588,Male,24,EE,5.12,56.5,59.54,2,4,No
1589,Female,25,ME,9.1,92.72,88.72,0,5,Yes
1590,Male,22,EE,5.0,60.28,53.89,1,5,No
1591,Male,21,CSE,5.0,50.75,51.96,0,3,No
1592,Male,25,ME,6.27,78.13,71.21,3,4,Yes
1593,Male,25,CSE,5.55,68.8,60.35,2,6,Yes
1594,Female,23,EE,6.6,65.31,70.02,2,4,Yes
1595,Female,23,ECE,5.59,54.55,58.99,0,3,No
1596,Female,23,CSE,6.02,60.97,66.47,3,3,Yes
1597,Female,22,ECE,5.0,51.48,50.04,1,2,No
1598,Female,21,ECE,5.47,69.88,72.74,1,1,No
1599,Male,24,IT,8.37,80.42,80.28,1,3,Yes
1600,Female,23,ECE,5.34,66.77,69.26,2,5,Yes
1601,Female,20,ECE,7.31,72.68,72.67,0,7,Yes
1602,Male,24,ME,6.51,68.57,67.47,0,5,Yes
1603,Female,25,ME,7.81,87.1,89.0,1,4,Yes
1604,Male,22,IT,9.11,88.92,91.15,3,5,Yes
1605,Female,24,CSE,7.83,98.33,95.61,1,3,Yes
1606,Male,25,ECE,7.93,97.96,89.93,0,3,Yes
1607,Female,25,IT,6.56,68.7,68.51,1,2,Yes
1608,Female,23,CSE,8.07,98.88,100,0,0,Yes
1609,Male,23,CE,5.49,56.65,49.12,3,6,Yes
1610,Female,24,CSE,6.62,74.96,74.9,1,2,Yes
1611,Female,25,CSE,6.71,74.58,71.98,1,8,Yes
1612,Female,20,ECE,8.91,97.13,88.57,1,6,Yes
1613,Male,24,CSE,7.98,93.61,85.2,2,7,Yes
1614,Female,24,IT,5.23,52.59,48.77,1,4,No
1615,Female,23,IT,7.8,97.91,93.21,2,4,Yes
1616,Female,22,CSE,5.2,73.18,66.22,4,5,Yes
1617,Male,20,CSE,5.0,53.77,57.88,2,2,No
1618,Female,24,CSE,6.65,79.0,71.72,2,2,Yes
1619,Male,24,ME,5.0,66.8,58.32,3,2,No
1620,Female,23,CSE,5.81,71.57,73.05,2,3,Yes
1621,Female,20,CSE,6.43,72.74,71.31,3,7,Yes
1622,Female,23,ECE,5.0,57.11,62.77,3,3,Yes
1623,Female,25,CE,5.0,54.77,54.33,2,4,No
1624,Male,22,CSE,5.0,54.82,56.6,2,5,Yes
1625,Female,21,ECE,7.4,83.21,91.09,0,0,Yes
1626,Male,24,CSE,5.67,71.85,65.8,0,0,No
1627,Female,25,CE,5.0,60.62,61.41,4,1,Yes
1628,Male,25,ECE,9.35,97.39,100,1,3,Yes
1629,Female,22,ME,8.29,83.92,85.94,1,5,Yes
1630,Male,23,IT,5.0,52.94,60.14,1,3,No
1631,Female,21,EE,5.0,55.31,55.04,2,1,No
1632,Male,20,CSE,6.64,78.0,72.51,3,1,Yes
1633,Female,25,IT,5.0,57.43,53.37,0,5,No
1634,Male,23,ME,8.23,88.27,92.41,0,7,Yes
1635,Male,24,ECE,8.22,98.59,94.59,0,8,Yes
1636,Male,22,CSE,7.05,72.52,76.32,0,0,No
1637,Male,25,IT,5.05,55.23,57.63,3,3,No
1638,Male,20,EE,6.01,79.05,77.86,1,3,Yes
1639,Female,23,CE,5.0,50.8,46.91,2,3,No
1640,Female,24,ECE,6.91,83.23,88.97,1,7,Yes
1641,Male,25,CSE,7.93,94.45,95.58,2,0,Yes
1642,Female,20,ECE,6.04,58.36,59.0,0,3,No
1643,Male,21,IT,8.85,89.76,97.44,1,8,Yes
1644,Male,21,ME,6.03,79.06,75.1,0,3,Yes
1645,Female,23,CSE,7.42,78.52,70.92,2,3,Yes
1646,Female,20,CSE,5.28,58.79,50.39,3,3,Yes
1647,Female,25,CSE,5.0,57.01,51.89,0,2,No
1648,Female,25,ECE,9.43,96.56,97.85,1,0,Yes
1649,Male,24,CE,8.65,80.33,85.86,1,3,Yes
1650,Male,20,CSE,9.24,89.03,91.36,1,2,Yes
1651,Male,25,IT,5.46,60.27,54.79,3,3,No
1652,Male,24,CSE,6.99,88.49,87.22,3,5,Yes
1653,Male,21,ME,7.26,94.02,88.16,0,2,Yes
1654,Male,21,CSE,6.52,78.67,69.65,0,4,Yes
1655,Male,23,EE,6.91,80.97,88.53,0,5,Yes
1656,Male,23,ECE,6.01,58.39,54.57,2,5,Yes
1657,Female,21,ECE,6.46,77.09,71.22,1,6,Yes
1658,Male,23,CSE,7.26,85.77,89.02,1,4,Yes
1659,Female,21,CE,7.26,94.01,91.53,4,5,Yes
1660,Male,23,ECE,8.12,89.1,93.88,0,4,Yes
1661,Female,21,CSE,5.0,64.49,66.15,1,3,No
1662,Female,25,ECE,7.86,97.84,96.19,2,2,Yes
1663,Female,25,EE,8.85,92.16,83.43,1,0,Yes
1664,Male,24,ECE,7.19,88.93,93.11,3,5,Yes
1665,Female,25,IT,5.0,52.53,49.42,0,3,No
1666,Female,24,EE,5.12,60.03,67.69,0,3,No
1667,Female,25,CSE,7.17,86.51,80.57,1,5,Yes
1668,Male,22,ECE,6.86,74.57,79.5,1,6,Yes
1669,Male,22,ME,9.89,96.32,100,0,6,Yes
1670,Male,21,IT,7.82,96.87,88.84,2,3,Yes
1671,Male,25,CSE,7.48,70.41,72.69,1,3,Yes
1672,Male,21,CSE,9.16,92.72,86.9,2,3,Yes
1673,Female,22,ECE,7.53,82.63,82.17,1,4,Yes
1674,Male,22,CSE,6.75,68.22,63.41,0,2,Yes
1675,Female,21,EE,6.91,63.98,71.5,2,4,Yes
1676,Male,20,CE,6.63,78.15,76.09,0,5,Yes
1677,Female,21,IT,6.09,76.45,69.38,3,3,Yes
1678,Male,23,CE,5.63,57.65,65.11,1,4,No
1679,Female,24,EE,9.18,89.18,92.29,1,1,Yes
1680,Male,25,ECE,6.55,65.1,62.33,1,1,No
1681,Female,24,ECE,7.39,88.28,92.09,0,6,Yes
1682,Female,24,IT,6.73,74.03,74.89,0,4,Yes
1683,Female,23,IT,5.57,68.27,63.39,4,6,Yes
1684,Female,23,ME,5.43,70.36,68.33,2,6,Yes
1685,Male,24,ECE,6.1,57.04,52.5,1,3,Yes
1686,Female,23,CSE,6.39,70.06,76.52,1,5,Yes
1687,Male,21,ME,6.5,64.18,63.01,1,4,Yes
1688,Female,21,CSE,5.37,50.12,45,2,3,No
1689,Female,23,CSE,7.44,94.43,96.04,2,3,Yes
1690,Female,22,ECE,7.55,77.71,83.34,1,5,Yes
1691,Male,24,CSE,5.0,62.72,63.19,1,5,No
1692,Male,22,IT,7.86,94.69,91.1,1,7,Yes
1693,Female,21,ME,6.4,79.34,72.35,1,6,Yes
1694,Male,25,EE,5.72,54.7,55.14,0,4,No
1695,Male,22,CE,5.0,57.99,51.91,2,5,No
1696,Female,24,ME,8.49,84.91,87.55,1,6,Yes
1697,Male,20,ECE,6.48,65.27,61.8,3,4,Yes
1698,Male,25,IT,6.54,86.48,78.61,2,5,Yes
1699,Male,20,IT,6.35,87.39,79.4,1,3,Yes
1700,Male,25,ECE,5.0,52.9,45.04,0,4,No
1701,Female,24,CSE,7.82,94.16,87.49,0,6,Yes
1702,Female,22,IT,8.72,91.9,95.95,1,1,Yes
1703,Female,24,CSE,6.09,59.39,54.46,1,8,Yes
1704,Male,24,ME,5.95,73.26,75.83,2,1,Yes
1705,Female,23,CSE,6.31,61.15,53.18,0,1,No
1706,Female,25,IT,7.29,85.38,76.86,1,3,Yes
1707,Female,23,CSE,6.47,69.96,77.69,3,6,Yes
1708,Female,22,CSE,7.91,98.94,97.79,1,4,Yes
1709,Male,23,EE,9.85,97.9,100,0,3,Yes
1710,Male,23,CSE,7.8,91.07,94.12,2,4,Yes
1711,Female,25,CE,7.24,67.45,69.45,4,4,Yes
1712,Male,20,CSE,5.88,74.37,75.68,0,1,No
1713,Female,21,IT,7.46,83.28,76.03,0,1,Yes
1714,Female,23,CSE,6.79,82.44,81.26,1,6,Yes
1715,Female,20,CE,7.91,93.13,85.27,3,3,Yes
1716,Male,25,ME,5.94,64.85,67.56,0,5,No
1717,Male,25,ECE,6.86,77.14,76.85,1,2,Yes
1718,Male,24,CE,8.2,80.23,76.58,1,0,Yes
1719,Female,22,ME,7.54,78.61,82.38,1,3,Yes
1720,Male,20,EE,5.89,62.13,63.8,3,1,No
1721,Male,20,ECE,5.0,51.83,53.67,1,3,No
1722,Male,20,CE,6.21,68.51,65.54,2,1,Yes
1723,Male,24,ME,6.65,82.7,75.7,4,2,Yes
1724,Female,20,ME,5.56,76.26,71.43,4,3,Yes
1725,Female,20,EE,6.54,78.33,78.98,1,4,Yes
1726,Male,20,EE,5.87,64.79,69.26,1,2,No
1727,Female,23,EE,7.49,76.83,82.69,1,2,Yes
1728,Female,25,CE,6.49,63.13,64.61,3,6,Yes
1729,Female,20,ECE,5.0,67.85,60.51,2,3,No
1730,Male,20,EE,7.49,91.45,86.25,0,5,Yes
1731,Male,21,CSE,5.72,62.03,66.92,1,3,Yes
1732,Male,21,CSE,5.0,51.43,55.64,1,4,No
1733,Female,20,CSE,7.77,93.93,89.58,0,7,Yes
1734,Female,20,IT,7.8,91.15,96.32,1,4,Yes
1735,Female,24,CE,9.29,95.65,90.18,0,1,Yes
1736,Male,24,ME,9.25,89.49,92.88,0,1,Yes
1737,Male,23,CSE,6.75,78.88,77.71,3,3,Yes
1738,Female,22,ME,8.99,95.91,92.44,2,0,Yes
1739,Female,25,EE,9.45,96.1,98.53,0,4,Yes
1740,Female,22,CE,6.87,83.58,83.21,1,0,Yes
1741,Female,22,IT,8.31,95.88,99.5,3,2,Yes
1742,Male,25,IT,5.68,51.66,57.26,3,3,Yes
1743,Female,25,IT,7.37,95.01,86.82,1,1,Yes
1744,Female,24,ME,5.0,72.21,62.7,2,4,Yes
1745,Male,23,CSE,5.0,64.97,65.33,0,5,No
1746,Female,21,ME,7.28,83.6,87.87,1,5,Yes
1747,Female,22,ME,5.0,59.73,57.19,3,7,Yes
1748,Male,20,CE,8.39,81.71,82.99,4,2,Yes
1749,Male,23,EE,7.92,79.42,72.11,0,4,Yes
1750,Male,23,ME,5.7,74.21,68.25,3,5,Yes
1751,Female,23,CSE,9.5,91.96,92.76,1,4,Yes
1752,Male,21,CSE,8.43,97.83,92.07,0,4,Yes
1753,Male,23,CSE,6.49,65.84,68.31,2,5,Yes
1754,Male,20,ECE,5.0,52.55,59.31,1,4,No
1755,Female,25,ME,5.0,52.23,46.8,1,3,No
1756,Female,24,CSE,5.0,58.79,51.85,1,3,No
1757,Female,23,CSE,5.0,55.73,46.52,3,6,Yes
1758,Female,22,CE,6.91,62.9,67.83,1,3,No
1759,Female,23,ME,5.79,57.41,62.76,2,1,No
1760,Male,20,ECE,5.0,58.01,56.42,3,3,No
1761,Female,24,ECE,7.79,74.16,79.39,0,1,Yes
1762,Male,21,ME,8.53,90.31,90.45,0,8,Yes
1763,Female,21,IT,5.44,53.76,57.59,3,0,No
1764,Female,23,IT,7.81,95.53,87.44,0,3,Yes
1765,Male,25,CE,7.8,79.12,69.22,2,7,Yes
1766,Female,25,CE,8.54,89.05,81.38,2,2,Yes
1767,Female,24,CE,5.28,68.69,65.87,4,6,Yes
1768,Female,21,IT,7.44,69.72,71.37,0,2,Yes
1769,Female,22,CE,6.03,79.57,76.03,1,2,No
1770,Male,22,ECE,7.27,70.73,74.35,2,3,Yes
1771,Male,22,CE,8.07,83.15,84.81,3,4,Yes
1772,Male,23,ECE,7.59,94.45,93.05,0,6,Yes
1773,Male,22,ECE,7.26,77.0,83.51,1,3,Yes
1774,Female,22,IT,6.09,78.69,82.53,2,3,Yes
1775,Female,20,CSE,8.37,92.96,88.32,1,4,Yes
1776,Male,21,CSE,5.0,53.83,61.51,2,3,No
1777,Male,20,CSE,7.6,73.38,75.83,4,4,Yes
1778,Female,24,IT,7.33,83.02,85.45,1,1,Yes
1779,Male,20,EE,5.0,59.22,49.7,0,2,No
1780,Female,24,CSE,5.69,64.74,63.08,0,2,No
1781,Female,23,ECE,7.6,92.13,92.66,1,6,Yes
1782,Male,25,ME,6.28,71.16,68.64,1,5,Yes
1783,Male,23,ECE,7.58,78.96,79.97,2,3,Yes
1784,Male,23,ECE,7.06,77.11,71.93,3,1,Yes
1785,Female,23,EE,5.0,51.02,46.2,1,2,No
1786,Female,22,CE,8.32,91.82,94.69,3,5,Yes
1787,Male,25,EE,7.15,67.65,66.15,0,2,Yes
1788,Male,23,CSE,5.0,59.77,60.67,1,8,No
1789,Male,20,CE,6.27,67.58,62.27,0,6,No
1790,Female,22,ECE,6.21,80.26,72.43,1,3,Yes
1791,Male,24,CSE,5.31,57.41,59.83,2,5,Yes
1792,Male,23,CE,8.85,87.03,94.57,2,6,Yes
1793,Female,24,CSE,8.52,80.87,86.55,0,2,Yes
1794,Male,25,ME,5.79,57.56,54.11,0,2,No
1795,Female,20,CSE,7.91,89.65,85.79,0,3,Yes
1796,Male,25,CSE,8.49,86.91,86.44,0,3,Yes
1797,Female,24,ME,5.0,67.73,58.27,0,5,No
1798,Male,22,IT,7.55,87.85,85.66,0,7,Yes
1799,Female,25,CE,9.42,89.15,94.91,1,6,Yes
1800,Female,25,ME,7.54,94.55,84.69,1,7,Yes
1801,Male,21,CE,7.17,80.59,81.72,1,5,Yes
1802,Female,22,CSE,7.26,76.33,73.35,3,4,Yes
1803,Male,24,ECE,6.15,75.55,79.18,0,5,Yes
1804,Male,22,EE,7.44,98.36,90.35,1,4,Yes
1805,Male,25,CE,5.31,71.99,72.29,1,2,No
1806,Female,25,CE,7.48,80.76,80.36,1,2,Yes
1807,Female,25,CSE,5.37,68.51,71.79,1,2,Yes
1808,Male,21,EE,6.72,90.59,82.07,3,3,Yes
1809,Male,24,IT,8.04,77.39,81.41,1,4,Yes
1810,Female,23,ME,6.03,70.43,63.36,1,3,Yes
1811,Male,24,CSE,5.96,60.42,58.94,3,3,Yes
1812,Female,23,CSE,5.97,68.11,63.32,0,3,No
1813,Male,20,ME,5.0,56.96,57.57,3,6,No
1814,Female,23,CSE,5.43,76.83,68.05,1,3,No
1815,Male,23,ECE,8.34,85.28,86.18,1,3,Yes
1816,Male,25,IT,7.9,89.19,91.15,0,3,Yes
1817,Female,23,ME,8.1,81.65,87.24,1,5,Yes
1818,Female,20,EE,5.3,54.17,61.36,2,7,Yes
1819,Female,24,CE,5.0,55.89,62.74,0,5,No
1820,Female,24,ECE,7.86,89.54,90.46,0,6,Yes
1821,Male,23,CSE,5.71,75.87,72.75,4,4,Yes
1822,Male,20,CSE,7.74,96.66,98.87,4,2,Yes
1823,Male,20,IT,5.83,70.23,66.07,2,1,No
1824,Female,24,CSE,7.78,74.92,74.0,1,3,Yes
1825,Male,20,IT,5.24,61.45,67.4,4,4,Yes
1826,Female,21,IT,6.24,69.93,61.44,0,7,Yes
1827,Female,21,ECE,6.54,70.76,77.17,0,3,Yes
1828,Male,21,CSE,8.79,95.74,94.42,2,3,Yes
1829,Female,24,ME,5.5,63.78,56.69,0,1,No
1830,Female,25,ECE,5.9,63.69,61.47,4,3,Yes
1831,Male,22,CE,7.78,84.68,79.59,1,2,Yes
1832,Male,25,CSE,7.42,95.19,96.15,0,2,Yes
1833,Female,23,ME,7.42,76.37,80.54,0,0,Yes
1834,Female,25,CSE,8.88,97.63,94.4,1,6,Yes
1835,Female,20,ECE,7.87,95.88,93.88,0,2,Yes
1836,Male,20,ME,6.79,80.64,85.19,4,7,Yes
1837,Male,25,EE,5.9,60.25,53.78,1,6,No
1838,Male,24,CSE,8.1,86.2,88.3,0,4,Yes
1839,Male,24,ME,7.98,93.17,96.29,2,0,Yes
1840,Female,24,CSE,7.94,77.45,75.62,2,7,Yes
1841,Female,23,ME,5.99,69.94,62.13,1,4,No
1842,Female,20,CSE,5.08,70.58,68.66,0,1,No
1843,Male,25,CSE,8.87,83.79,91.03,0,3,Yes
1844,Female,20,ECE,8.4,89.59,90.26,1,2,Yes
1845,Male,22,ME,7.46,90.26,89.61,0,4,Yes
1846,Male,23,ECE,5.0,54.19,45.28,1,6,No
1847,Male,23,CSE,6.14,79.93,77.7,0,1,Yes
1848,Male,24,ME,5.95,61.42,62.21,0,3,No
1849,Female,24,CSE,6.33,81.9,84.06,1,4,Yes
1850,Male,25,CSE,7.86,88.68,82.17,2,2,Yes
1851,Female,23,CSE,5.0,56.75,47.54,1,4,No
1852,Male,24,CE,7.13,88.0,80.65,1,3,Yes
1853,Female,25,CSE,5.9,61.63,66.38,0,3,Yes
1854,Female,21,ME,6.56,66.74,68.76,4,4,Yes
1855,Female,22,EE,5.92,70.52,63.44,2,0,No
1856,Male,21,EE,6.23,72.86,66.7,2,5,Yes
1857,Male,23,CSE,7.69,98.5,95.03,0,1,Yes
1858,Male,24,CE,5.71,67.64,75.2,1,2,No
1859,Male,24,CSE,5.0,59.6,52.77,0,6,No
1860,Female,20,IT,5.03,60.3,58.51,1,2,No
1861,Female,24,CE,7.12,93.04,84.22,3,5,Yes
1862,Male,22,IT,7.47,71.05,72.5,2,4,Yes
1863,Male,21,IT,5.82,52.61,56.93,3,7,Yes
1864,Male,20,ME,7.24,88.76,89.83,1,6,Yes
1865,Male,24,ECE,6.24,65.77,62.5,2,3,Yes
1866,Male,24,EE,5.57,60.15,66.26,0,2,No
1867,Male,21,CE,5.27,68.33,68.24,0,3,No
1868,Female,23,ECE,5.74,66.48,64.6,1,3,No
1869,Male,23,CSE,6.18,81.62,78.08,2,4,Yes
1870,Female,21,CSE,5.0,53.5,45,0,3,No
1871,Female,25,ME,5.0,59.34,60.21,3,5,Yes
1872,Male,22,IT,7.46,66.98,74.92,2,5,Yes
1873,Female,21,ME,5.0,61.15,64.17,0,4,No
1874,Male,23,IT,5.0,54.21,59.43,3,3,No
1875,Female,20,IT,7.76,78.3,70.61,0,5,Yes
1876,Male,23,IT,8.44,86.88,90.61,1,4,Yes
1877,Male,21,CSE,8.83,96.68,92.62,2,4,Yes
1878,Female,21,CE,5.0,53.12,50.08,1,7,No
1879,Male,21,CSE,6.97,77.09,67.67,1,2,Yes
1880,Female,22,CSE,5.65,64.26,63.7,1,0,No
1881,Female,23,CSE,5.0,55.43,55.09,0,7,No
1882,Male,21,IT,7.38,90.08,92.05,1,3,Yes
1883,Female,23,CSE,5.0,50.36,45,1,5,No
1884,Female,23,ECE,6.68,78.23,81.5,3,3,Yes
1885,Female,22,IT,8.17,90.35,95.65,0,4,Yes
1886,Male,25,CSE,7.95,77.86,74.94,0,6,Yes
1887,Female,22,EE,5.9,53.27,56.35,3,3,Yes
1888,Male,22,CSE,5.0,55.16,58.96,1,2,No
1889,Male,20,EE,7.03,83.11,81.42,1,2,Yes
1890,Male,25,CE,6.06,66.03,69.51,0,4,No
1891,Female,21,ECE,6.22,63.68,56.58,2,2,No
1892,Female,21,CSE,7.13,87.42,89.61,1,2,Yes
1893,Female,21,ECE,5.0,52.34,53.77,2,4,No
1894,Female,23,CSE,5.34,50.23,54.13,3,3,No
1895,Male,23,CSE,5.21,50.71,55.48,0,7,No
1896,Female,25,CSE,5.0,58.19,55.67,1,4,No
1897,Male,24,IT,5.18,70.97,65.15,1,0,No
1898,Male,21,ECE,5.36,53.23,57.9,1,1,No
1899,Male,24,ECE,9.63,98.53,100,3,4,Yes
1900,Male,22,CE,8.8,84.12,86.32,2,3,Yes
1901,Female,22,CE,5.89,82.65,73.87,3,3,Yes
1902,Female,24,ECE,8.88,98.43,92.62,3,3,Yes
1903,Female,24,CSE,5.0,56.74,55.72,1,4,No
1904,Female,23,ME,6.07,66.11,61.12,2,4,Yes
1905,Female,22,ME,5.28,61.22,64.41,0,1,No
1906,Female,25,EE,5.79,60.9,66.61,0,4,No
1907,Male,21,CSE,8.04,98.61,100,0,4,Yes
1908,Male,24,CSE,8.03,85.52,81.13,0,2,Yes
1909,Male,23,CE,5.59,59.87,65.39,4,3,Yes
1910,Male,23,ECE,8.67,86.01,89.7,2,0,Yes
1911,Female,22,ECE,5.0,57.49,60.57,1,3,No
1912,Female,20,IT,8.36,85.03,78.55,0,6,Yes
1913,Male,23,CE,8.52,96.07,100,1,4,Yes
1914,Male,20,CE,5.0,56.1,62.88,2,7,Yes
1915,Female,22,ECE,7.23,73.94,76.33,2,7,Yes
1916,Male,20,CE,5.08,67.71,70.43,2,1,No
1917,Female,21,CSE,8.3,79.51,86.64,0,5,Yes
1918,Female,23,EE,9.39,97.73,89.18,3,2,Yes
1919,Female,24,CE,6.8,82.27,79.16,1,6,Yes
1920,Male,25,ECE,7.67,89.08,93.74,0,5,Yes
1921,Male,21,ME,5.0,50.08,45,1,4,No
1922,Male,22,CSE,5.04,56.58,55.34,0,4,No
1923,Male,25,CSE,8.57,87.2,81.87,1,4,Yes
1924,Female,21,CSE,5.0,54.2,46.44,0,2,No
1925,Female,20,CSE,7.57,86.84,76.97,4,1,Yes
1926,Male,24,ECE,8.47,97.14,91.93,2,4,Yes
1927,Female,22,CE,8.81,90.03,96.97,1,1,Yes
1928,Male,20,CSE,9.02,92.66,89.89,3,0,Yes
1929,Male,25,ME,5.96,62.18,60.31,3,4,Yes
1930,Male,25,CE,7.31,89.82,80.12,0,5,Yes
1931,Male,24,ECE,7.59,86.22,90.51,3,7,Yes
1932,Female,25,CE,6.79,85.98,81.27,0,4,Yes
1933,Female,24,CSE,7.11,74.4,65.97,4,8,Yes
1934,Female,20,ECE,5.84,76.49,70.87,3,5,Yes
1935,Female,20,CSE,9.44,95.52,100,0,2,Yes
1936,Female,20,EE,8.61,95.21,96.61,2,3,Yes
1937,Female,24,CSE,6.88,66.82,73.2,2,4,Yes
1938,Female,23,ME,5.0,60.95,53.03,0,5,No
1939,Female,20,ECE,5.0,56.24,51.88,2,3,No
1940,Male,23,CE,6.19,65.66,62.23,2,4,Yes
1941,Male,23,CSE,8.82,91.77,87.46,1,2,Yes
1942,Male,22,CSE,8.12,82.6,87.02,1,3,Yes
1943,Male,25,ECE,6.51,80.92,74.8,4,1,Yes
1944,Male,25,CSE,8.42,85.9,90.49,0,6,Yes
1945,Male,23,IT,7.57,89.94,96.36,0,3,Yes
1946,Male,22,ME,5.68,69.16,68.66,2,2,Yes
1947,Male,21,IT,7.17,88.77,94.36,3,3,Yes
1948,Female,23,EE,5.0,64.26,56.87,2,5,No
1949,Female,24,CSE,7.91,88.49,93.94,4,4,Yes
1950,Male,22,CE,6.04,58.8,49.74,2,4,Yes
1951,Female,23,CSE,5.0,55.82,52.96,1,2,No
1952,Female,25,EE,8.54,88.11,93.68,1,4,Yes
1953,Male,20,CSE,6.95,81.43,87.78,1,8,Yes
1954,Female,20,ME,5.59,58.87,57.59,1,4,No
1955,Male,24,CSE,7.79,89.83,80.19,1,5,Yes
1956,Male,24,ECE,8.8,90.12,91.85,0,4,Yes
1957,Female,25,CSE,6.24,77.18,81.59,0,2,No
1958,Female,20,CSE,5.96,56.11,51.48,0,8,Yes
1959,Male,20,CE,7.36,75.45,79.54,1,4,Yes
1960,Male,22,ECE,7.25,75.02,77.4,0,0,No
1961,Female,21,CE,6.54,79.51,73.4,0,4,No
1962,Male,23,EE,6.21,58.0,56.21,2,7,Yes
1963,Male,25,ME,8.21,98.77,100,1,4,Yes
1964,Female,23,ME,5.79,65.5,69.68,4,2,Yes
1965,Male,25,ECE,5.0,53.23,54.75,1,2,No
1966,Male,20,CSE,9.63,97.99,91.99,2,1,Yes
1967,Female,24,ME,7.12,73.99,73.51,3,4,Yes
1968,Female,21,IT,8.25,86.84,80.09,2,5,Yes
1969,Female,23,ECE,5.0,56.25,46.42,0,1,No
1970,Female,20,CE,7.83,81.32,77.98,2,3,Yes
1971,Male,22,ME,6.31,74.61,69.57,3,6,Yes
1972,Male,20,CE,5.11,69.92,65.55,0,5,No
1973,Male,20,CSE,6.8,64.01,70.74,0,7,Yes
1974,Female,21,ECE,8.06,75.24,83.2,2,3,Yes
1975,Female,25,CSE,5.98,70.82,70.44,4,4,Yes
1976,Female,24,EE,5.0,52.08,50.16,3,5,Yes
1977,Male,22,ME,6.9,75.17,82.31,1,3,Yes
1978,Female,21,ME,7.99,91.69,97.13,1,2,Yes
1979,Female,23,CSE,6.49,64.94,71.74,2,0,Yes
1980,Female,23,CSE,5.0,50.29,48.58,0,3,No
1981,Male,20,CSE,6.32,74.11,65.64,0,1,No
1982,Male,25,CSE,6.1,73.06,69.8,3,4,Yes
1983,Female,25,ME,5.0,57.93,54.3,1,6,No
1984,Male,20,CSE,5.05,70.63,66.59,2,7,Yes
1985,Female,20,IT,7.64,76.96,81.36,1,5,Yes
1986,Male,25,ME,5.0,69.05,61.03,0,2,No
1987,Female,21,CSE,8.29,90.66,88.39,0,3,Yes
1988,Male,23,CSE,5.0,57.47,56.67,2,6,Yes
1989,Male,23,CSE,8.3,84.62,89.2,1,2,Yes
1990,Female,25,CSE,5.0,55.9,53.12,0,1,No
1991,Male,20,IT,8.08,75.72,78.32,0,3,Yes
1992,Male,20,IT,5.11,63.19,58.24,1,3,No
1993,Male,20,EE,5.17,65.76,60.9,2,3,No
1994,Male,22,IT,5.0,54.75,45,3,3,No
1995,Male,24,ECE,5.52,68.21,69.91,1,6,No
1996,Female,20,CSE,9.65,97.45,100,0,3,Yes
1997,Female,24,IT,7.33,85.54,93.35,2,0,Yes
1998,Female,22,CE,8.23,87.21,92.44,1,3,Yes
1999,Male,23,CSE,6.66,70.53,77.29,0,4,Yes
2000,Male,20,CE,5.0,52.98,60.48,2,3,No
2001,Male,20,CSE,8.34,86.79,83.7,1,2,Yes
2002,Male,21,ECE,5.0,50.43,57.15,1,5,No
2003,Female,22,EE,5.53,77.06,70.14,0,0,No
2004,Female,21,CSE,7.45,88.74,90.3,2,4,Yes
2005,Male,24,CE,7.17,65.9,72.94,1,1,Yes
2006,Male,20,EE,5.0,50.51,46.91,1,2,No
2007,Female,24,CSE,8.02,86.54,83.42,3,4,Yes
2008,Female,21,IT,6.32,59.99,61.33,1,3,Yes
2009,Male,21,CE,5.0,54.59,47.86,3,2,No
2010,Female,25,IT,6.9,65.2,71.13,2,2,Yes
2011,Male,23,CE,8.47,97.55,89.35,2,5,Yes
2012,Male,20,CSE,5.83,50.66,55.61,0,5,No
2013,Female,24,CSE,7.94,97.35,100,2,3,Yes
2014,Male,23,ME,8.18,93.73,98.41,1,2,Yes
2015,Male,24,CSE,7.28,90.42,82.27,1,6,Yes
2016,Female,20,CSE,5.52,68.88,65.24,3,5,Yes
2017,Female,20,ECE,9.7,98.55,92.59,1,1,Yes
2018,Male,20,CE,6.93,79.62,72.83,1,4,Yes
2019,Female,22,EE,5.48,64.06,69.82,1,3,No
2020,Female,20,ME,9.31,92.22,99.82,0,1,Yes
2021,Female,23,ME,5.44,55.55,53.24,0,3,No
2022,Female,22,IT,6.27,70.77,73.25,2,3,Yes
2023,Female,21,IT,6.89,76.92,76.62,1,2,Yes
2024,Female,24,ECE,8.2,83.98,87.45,0,0,Yes
2025,Male,24,ECE,5.72,56.55,48.53,1,6,Yes
2026,Male,23,CSE,9.59,91.81,99.3,0,6,Yes
2027,Male,25,EE,6.85,68.5,58.97,1,5,Yes
2028,Male,24,ME,5.0,51.48,48.05,0,4,No
2029,Male,21,ECE,6.17,56.87,56.36,1,5,No
2030,Female,20,IT,5.0,57.64,63.5,2,4,No
2031,Female,25,CE,6.05,72.26,75.07,1,3,No
2032,Female,22,CE,6.24,75.55,83.15,0,4,No
2033,Male,25,CE,7.24,79.65,71.04,1,4,Yes
2034,Male,20,ME,6.12,81.69,75.2,0,4,Yes
2035,Male,22,CSE,5.0,55.22,49.03,3,2,No
2036,Female,21,CSE,8.97,97.86,98.03,2,0,Yes
2037,Female,20,CE,8.14,86.83,94.09,1,3,Yes
2038,Male,25,CSE,5.49,69.96,73.31,2,2,Yes
2039,Male,24,ME,5.0,51.83,45,0,4,No
2040,Male,21,ME,6.74,82.06,85.9,4,4,Yes
2041,Female,22,ECE,5.16,56.43,51.67,3,0,No
2042,Female,21,CSE,5.97,79.91,71.26,2,3,Yes
2043,Male,22,ECE,7.9,97.48,100,0,3,Yes
2044,Male,22,ECE,6.17,67.32,58.6,1,8,Yes
2045,Female,23,EE,5.0,56.88,49.11,0,6,No
2046,Female,25,CSE,7.44,67.97,73.18,1,5,Yes
2047,Male,25,CSE,9.1,97.89,88.92,2,4,Yes
2048,Male,23,CSE,5.6,69.56,60.87,1,1,No
2049,Female,23,CSE,6.04,58.83,50.78,1,3,No
2050,Male,22,CE,6.71,73.83,76.47,1,0,No
2051,Male,25,CSE,8.01,77.84,85.62,0,5,Yes
2052,Female,21,CSE,9.09,92.53,99.68,1,4,Yes
2053,Male,23,CSE,8.08,92.82,90.95,0,6,Yes
2054,Male,23,IT,7.14,86.91,79.87,1,3,Yes
2055,Male,25,ECE,9.31,94.72,94.99,1,6,Yes
2056,Female,24,EE,7.33,65.86,73.61,2,5,Yes
2057,Male,23,CE,7.21,74.47,70.17,2,2,Yes
2058,Female,21,EE,6.22,81.31,81.72,2,2,Yes
2059,Female,24,IT,7.49,67.06,74.2,1,0,Yes
2060,Male,22,ECE,8.8,92.52,95.11,1,3,Yes
2061,Male,24,CE,6.18,66.46,73.13,1,4,No
2062,Male,22,ME,6.92,83.74,81.61,2,7,Yes
2063,Female,20,CSE,5.0,50.8,57.58,2,4,No
2064,Female,24,ECE,5.0,51.6,46.82,0,3,No
2065,Male,23,CE,6.15,67.18,71.47,3,4,Yes
2066,Male,22,ME,6.89,74.87,69.69,1,6,Yes
2067,Female,20,CE,5.06,70.31,60.59,1,5,No
2068,Female,22,CSE,7.06,78.04,75.78,1,4,Yes
2069,Male,24,IT,9.06,96.03,93.06,1,3,Yes
2070,Male,25,ME,7.47,74.71,76.08,2,4,Yes
2071,Female,22,CSE,5.12,54.57,52.44,1,0,No
2072,Female,20,ECE,5.92,51.24,54.46,2,5,No
2073,Female,21,IT,7.28,76.24,70.65,2,5,Yes
2074,Male,21,EE,6.38,81.28,81.71,1,4,Yes
2075,Male,21,CSE,7.33,74.22,70.73,1,3,Yes
2076,Male,25,CSE,6.94,83.68,80.43,3,5,Yes
2077,Male,21,EE,6.61,80.93,86.32,1,3,Yes
2078,Female,20,CSE,7.33,86.34,93.02,0,0,Yes
2079,Male,22,CSE,5.0,60.63,56.53,2,7,No
2080,Male,20,IT,7.31,77.02,72.32,1,4,Yes
2081,Male,21,CSE,9.47,91.46,94.37,0,5,Yes
2082,Male,21,CE,6.73,73.9,79.79,2,5,Yes
2083,Female,23,CSE,7.1,67.29,73.45,1,6,Yes
2084,Male,23,IT,9.33,90.51,92.12,1,0,Yes
2085,Male,21,IT,5.0,53.56,55.39,2,1,No
2086,Male,22,CSE,6.17,77.81,73.6,0,2,No
2087,Male,24,CSE,8.31,79.79,85.69,0,6,Yes
2088,Female,22,ME,5.0,59.71,50.6,0,2,No
2089,Male,24,IT,5.69,68.76,69.14,2,6,Yes
2090,Female,22,CSE,8.42,97.38,88.05,1,3,Yes
2091,Male,23,EE,5.63,63.46,67.03,1,3,No
2092,Male,25,CE,7.73,74.17,75.71,2,7,Yes
2093,Male,20,CSE,9.48,98.68,100,0,1,Yes
2094,Female,24,CE,8.23,95.77,100,2,1,Yes
2095,Male,22,EE,8.33,88.79,85.62,3,4,Yes
2096,Male,21,ME,8.5,93.5,100,1,1,Yes
2097,Female,25,ECE,5.87,63.75,67.66,0,5,No
2098,Male,21,EE,6.45,86.03,79.74,4,1,Yes
2099,Male,23,CSE,5.0,55.12,48.88,1,6,No
2100,Male,23,EE,6.99,91.54,83.44,3,3,Yes
2101,Female,21,ME,5.0,59.21,54.21,1,6,No
2102,Male,20,ME,5.08,61.79,67.88,0,4,No
2103,Male,24,CSE,6.08,71.14,63.85,1,1,No
2104,Male,25,IT,7.55,95.47,88.96,0,2,Yes
2105,Male,20,EE,7.0,81.67,88.93,0,0,No
2106,Male,20,CSE,8.28,93.25,95.84,1,2,Yes
2107,Female,23,CSE,7.29,88.5,84.76,1,5,Yes
2108,Male,25,EE,8.45,86.22,91.57,0,5,Yes
2109,Male,23,CSE,5.0,50.62,49.16,0,2,No
2110,Female,20,ECE,8.77,97.51,98.01,0,1,Yes
2111,Female,22,ME,5.65,75.74,68.75,0,3,No
2112,Male,25,IT,6.4,76.74,78.68,1,6,Yes
2113,Male,24,ME,8.79,91.99,98.23,0,5,Yes
2114,Male,23,ME,7.07,82.31,74.86,0,5,Yes
2115,Male,25,CSE,7.47,95.11,91.91,1,4,Yes
2116,Female,24,CSE,7.94,94.61,90.89,1,7,Yes
2117,Male,24,ECE,5.9,66.82,67.84,1,7,Yes
2118,Male,20,ECE,6.61,83.59,81.98,4,4,Yes
2119,Male,22,CSE,5.04,64.44,62.61,2,1,No
2120,Male,22,EE,5.0,50.03,45,1,6,No
2121,Female,21,CE,7.87,84.95,77.52,1,6,Yes
2122,Male,22,CSE,7.11,83.25,80.2,3,6,Yes
2123,Female,21,ECE,7.49,83.27,79.07,2,2,Yes
2124,Female,22,IT,6.02,64.57,71.26,0,5,Yes
2125,Male,24,ECE,6.7,65.35,72.18,1,3,Yes
2126,Male,20,CE,5.0,51.29,55.09,0,6,No
2127,Female,22,CSE,6.41,76.62,76.8,2,3,Yes
2128,Male,24,ECE,5.19,52.66,45,2,3,No
2129,Male,23,EE,8.16,92.35,84.54,1,5,Yes
2130,Male,24,ME,6.84,74.27,68.29,3,3,Yes
2131,Female,20,ME,5.92,80.56,74.17,0,6,Yes
2132,Male,20,ECE,7.02,90.8,88.79,0,3,Yes
2133,Female,24,CSE,7.49,80.03,77.93,0,1,Yes
2134,Male,25,EE,5.52,58.37,61.72,1,2,No
2135,Female,23,IT,6.3,63.48,60.42,1,5,No
2136,Male,20,ECE,5.0,50.54,45.99,3,4,No
2137,Female,21,ECE,8.62,85.43,80.41,1,6,Yes
2138,Male,25,ECE,5.62,75.14,68.28,2,4,Yes
2139,Female,21,CSE,7.4,87.37,82.82,3,4,Yes
2140,Male,25,CSE,7.97,84.72,83.85,1,5,Yes
2141,Female,24,EE,6.71,69.78,60.59,0,1,No
2142,Female,23,IT,6.7,61.35,65.24,2,1,Yes
2143,Female,23,ME,6.22,70.58,61.74,0,6,No
2144,Female,24,EE,5.0,51.44,45,1,1,No
2145,Female,21,CSE,5.49,71.44,66.59,0,5,Yes
2146,Male,24,CSE,7.24,97.03,88.76,0,0,Yes
2147,Female,20,IT,8.38,83.44,90.68,1,2,Yes
2148,Female,24,IT,6.36,80.31,80.37,0,3,Yes
2149,Male,20,CSE,6.41,75.35,67.17,0,4,No
2150,Female,22,CE,5.0,62.32,64.98,3,7,No
2151,Female,24,CE,5.51,74.5,71.69,2,1,No
2152,Female,22,EE,5.0,51.58,49.17,3,1,No
2153,Female,22,CE,7.05,82.5,88.31,0,7,Yes
2154,Female,20,IT,5.27,53.47,50.96,3,6,Yes
2155,Male,25,CSE,5.0,51.74,50.88,1,3,No
2156,Female,20,CE,5.0,51.29,55.36,2,3,No
2157,Male,23,CSE,7.82,87.52,90.04,1,1,Yes
2158,Female,22,IT,5.68,66.81,73.34,0,0,No
2159,Female,24,ECE,8.96,98.56,88.83,2,1,Yes
2160,Male,20,IT,8.62,79.52,85.55,0,3,Yes
2161,Female,20,CSE,7.41,76.64,75.55,1,6,Yes
2162,Female,22,ME,5.93,64.34,66.11,1,5,No
2163,Male,23,EE,6.31,80.47,75.51,0,8,Yes
2164,Female,21,CSE,6.77,85.52,89.7,0,3,Yes
2165,Female,20,ECE,5.0,51.65,46.65,2,1,No
2166,Female,23,CSE,5.44,68.75,66.74,1,4,No
2167,Female,20,ECE,5.87,67.04,57.51,3,7,Yes
2168,Female,24,CSE,5.05,51.34,54.4,3,5,Yes
2169,Female,20,ECE,8.34,96.67,100,4,4,Yes
2170,Female,24,CSE,9.85,97.05,95.46,0,6,Yes
2171,Female,22,CSE,5.2,62.25,62.02,1,4,No
2172,Female,25,ME,7.0,79.79,72.03,1,2,Yes
2173,Male,23,CSE,5.0,51.81,48.27,1,3,No
2174,Male,24,ECE,8.03,96.71,94.64,2,2,Yes
2175,Male,21,CSE,5.89,80.28,71.17,0,5,Yes
2176,Female,20,ECE,7.01,61.17,68.3,4,0,Yes
2177,Female,24,EE,5.97,79.43,75.73,1,4,No
2178,Male,22,ME,6.93,83.37,74.66,1,0,Yes
2179,Male,23,CE,5.97,68.36,75.32,0,3,No
2180,Male,24,CSE,7.42,79.84,84.38,2,4,Yes
2181,Male,21,IT,6.31,78.55,80.38,2,4,Yes
2182,Female,21,ECE,9.51,98.89,100,1,1,Yes
2183,Female,24,ECE,6.17,75.7,73.64,2,2,Yes
2184,Male,22,CSE,6.69,65.43,72.93,1,7,Yes
2185,Male,24,ECE,8.87,94.82,96.58,1,3,Yes
2186,Female,21,CE,6.28,62.0,68.37,2,4,Yes
2187,Male,20,CSE,6.89,70.63,78.33,2,5,Yes
2188,Female,20,CSE,7.02,70.51,74.29,1,1,Yes
2189,Female,20,EE,9.4,98.51,90.89,3,6,Yes
2190,Male,24,CSE,6.4,64.38,60.44,1,4,No
2191,Female,20,ME,5.76,67.39,65.47,1,6,No
2192,Male,21,ME,8.49,85.46,86.07,1,2,Yes
2193,Female,25,EE,6.1,68.59,66.48,1,7,No
2194,Male,22,CSE,6.78,75.37,74.82,3,2,Yes
2195,Female,21,CSE,9.39,96.31,100,1,2,Yes
2196,Male,22,IT,5.0,55.81,50.74,3,2,Yes
2197,Female,20,CE,6.4,82.66,75.2,2,5,Yes
2198,Female,24,ECE,6.08,59.56,58.35,1,2,Yes
2199,Male,23,ECE,7.02,90.72,86.03,2,6,Yes
2200,Male,22,CSE,5.28,56.7,51.71,4,5,Yes
2201,Male,20,IT,6.82,74.85,69.82,1,5,Yes
2202,Male,20,ECE,8.37,95.69,99.99,2,4,Yes
2203,Male,25,EE,6.5,62.05,62.6,0,2,No
2204,Male,21,ME,6.36,63.85,57.42,4,6,Yes
2205,Male,20,ECE,6.21,79.95,82.73,2,4,Yes
2206,Male,22,ECE,6.61,82.19,75.43,0,2,Yes
2207,Female,23,ECE,6.01,76.63,71.95,4,6,Yes
2208,Male,23,IT,6.98,82.46,74.54,1,1,Yes
2209,Female,23,ME,8.8,92.34,93.16,0,2,Yes
2210,Female,23,CSE,7.23,87.82,82.53,1,3,Yes
2211,Female,22,ECE,5.0,60.73,62.18,1,2,No
2212,Male,25,CSE,7.92,97.44,98.43,1,7,Yes
2213,Male,25,IT,5.18,67.28,71.07,0,2,No
2214,Female,24,IT,6.64,85.17,80.39,1,3,Yes
2215,Male,20,CSE,5.0,50.98,57.91,1,3,No
2216,Male,21,EE,7.71,83.72,74.33,2,3,Yes
2217,Female,22,ME,5.28,53.75,52.83,2,0,No
2218,Male,21,CSE,7.76,78.82,75.86,3,5,Yes
2219,Female,22,CSE,5.53,59.93,54.69,1,2,No
2220,Female,24,CSE,5.89,63.94,66.59,1,8,Yes
2221,Female,24,EE,5.37,72.16,72.56,2,3,No
2222,Male,22,IT,7.44,89.67,97.23,0,6,Yes
2223,Male,21,IT,8.99,91.07,90.49,2,1,Yes
2224,Male,25,IT,5.13,57.38,53.17,1,0,No
2225,Female,23,ECE,5.53,65.34,67.08,2,4,Yes
2226,Female,20,CE,5.1,70.86,62.26,0,4,No
2227,Male,20,CSE,6.79,70.78,63.85,1,5,Yes
2228,Male,22,CSE,9.86,98.79,100,1,3,Yes
2229,Female,21,CSE,6.8,75.64,69.32,2,4,Yes
2230,Male,22,CE,7.04,85.29,90.63,1,6,Yes
2231,Male,21,ECE,8.92,98.67,88.77,0,1,Yes
2232,Male,24,ECE,5.17,57.67,53.98,0,4,No
2233,Male,23,ECE,5.67,64.98,66.22,1,4,No
2234,Male,21,CSE,5.3,60.61,53.82,0,4,No
2235,Male,24,ME,7.62,79.02,74.01,3,4,Yes
2236,Male,21,CE,5.0,54.48,58.94,0,6,No
2237,Female,20,CSE,7.89,89.55,87.21,1,5,Yes
2238,Male,23,EE,5.86,67.39,72.49,0,4,No
2239,Male,25,ME,8.01,84.86,89.98,1,5,Yes
2240,Female,23,EE,6.39,58.72,64.31,2,3,Yes
2241,Female,21,IT,5.0,58.77,62.23,1,4,No
2242,Male,20,CE,7.33,94.87,93.92,1,4,Yes
2243,Male,25,EE,5.48,63.43,54.46,0,5,No
2244,Female,23,ECE,7.45,73.2,78.95,2,0,Yes
2245,Female,21,EE,5.0,58.67,63.99,2,1,No
2246,Female,22,CSE,6.51,76.66,84.36,2,0,Yes
2247,Female,22,CE,6.13,58.29,66.04,1,0,No
2248,Male,25,EE,5.01,53.18,58.03,2,1,No
2249,Male,21,EE,7.19,70.05,71.49,3,3,Yes
2250,Male,23,ECE,7.49,84.12,84.31,0,1,Yes
2251,Male,24,EE,5.0,50.99,45,2,3,No
2252,Female,22,ME,6.87,81.47,87.7,2,1,Yes
2253,Female,21,CSE,7.68,77.69,75.14,1,2,Yes
2254,Male,23,CSE,6.32,74.0,74.42,2,3,Yes
2255,Female,20,CE,6.92,78.68,71.48,4,3,Yes
2256,Female,22,CSE,8.34,84.28,83.35,2,1,Yes
2257,Male,23,CSE,8.85,95.17,94.48,1,3,Yes
2258,Female,25,ECE,5.08,51.66,54.28,3,0,No
2259,Male,25,CE,5.0,59.17,55.61,1,5,No
2260,Female,24,ECE,7.09,71.31,68.5,1,3,Yes
2261,Female,22,CSE,9.38,95.52,89.74,3,1,Yes
2262,Male,24,IT,5.6,51.4,50.62,3,7,Yes
2263,Male,24,ME,6.0,56.36,52.36,4,3,Yes
2264,Female,23,IT,5.9,72.57,74.42,0,3,No
2265,Female,23,CSE,6.51,61.99,64.31,1,3,Yes
2266,Male,25,IT,5.07,60.41,58.91,1,2,No
2267,Male,22,ME,6.22,56.54,60.46,2,5,Yes
2268,Male,20,IT,6.65,82.82,90.28,3,2,Yes
2269,Male,24,ME,8.35,79.92,83.45,2,1,Yes
2270,Male,23,CSE,5.05,68.82,62.06,1,4,No
2271,Male,23,CSE,5.28,69.51,68.82,2,3,Yes
2272,Female,23,ME,5.0,50.6,46.34,1,3,No
2273,Female,23,IT,5.22,52.67,50.32,0,5,No
2274,Male,23,EE,7.63,91.36,98.85,0,3,Yes
2275,Female,20,CSE,6.51,66.52,73.34,0,5,Yes
2276,Male,20,ECE,5.0,51.95,57.57,0,4,No
2277,Male,25,IT,7.33,90.14,89.91,1,0,Yes
2278,Female,24,CSE,7.46,85.86,85.42,0,4,Yes
2279,Male,23,ECE,6.5,63.46,70.95,0,6,Yes
2280,Female,24,ECE,5.0,51.99,47.87,2,5,No
2281,Male,24,CE,5.75,53.86,60.55,1,0,No
2282,Male,25,ME,6.25,53.88,60.3,2,4,Yes
2283,Female,24,ME,5.47,61.94,66.32,1,5,No
2284,Female,21,CSE,8.48,82.9,83.78,2,2,Yes
2285,Male,23,EE,6.33,63.46,61.78,2,1,No
2286,Female,21,CSE,6.68,64.1,66.92,1,4,Yes
2287,Male,24,CSE,5.7,66.69,62.92,1,5,No
2288,Female,25,IT,6.53,69.74,71.63,0,3,Yes
2289,Male,25,CE,5.47,68.09,63.34,2,0,No
2290,Male,22,ECE,7.1,70.35,74.12,1,5,Yes
2291,Male,24,CSE,6.45,79.75,85.04,0,8,Yes
2292,Male,21,ME,9.04,98.23,100,1,2,Yes
2293,Male,22,EE,7.86,82.55,84.91,2,4,Yes
2294,Male,23,ECE,6.64,72.73,77.6,3,2,Yes
2295,Male,22,ME,6.53,82.15,84.45,1,3,Yes
2296,Male,20,EE,6.36,56.79,57.95,1,5,Yes
2297,Male,21,CSE,8.45,80.65,82.97,0,4,Yes
2298,Male,24,ME,7.62,91.67,84.57,3,2,Yes
2299,Female,22,CSE,5.0,53.18,45,1,5,No
2300,Male,21,CE,6.6,74.51,66.51,1,7,Yes
2301,Male,20,CSE,5.62,51.58,53.76,4,6,Yes
2302,Male,22,CE,7.26,76.33,79.21,4,5,Yes
2303,Female,20,IT,7.12,69.52,74.32,1,5,Yes
2304,Female,23,ME,5.81,55.08,60.33,1,5,No
2305,Male,25,IT,8.03,94.74,99.06,0,4,Yes
2306,Female,23,ME,8.12,87.09,83.25,1,3,Yes
2307,Male,20,ME,5.0,57.25,52.44,1,3,No
2308,Female,21,ECE,6.39,64.93,67.77,0,5,No
2309,Female,23,CSE,5.94,61.17,66.49,0,0,No
2310,Male,24,IT,6.54,80.3,73.37,0,6,Yes
2311,Male,23,EE,8.24,92.67,91.35,1,4,Yes
2312,Male,21,CSE,6.6,63.64,67.64,2,3,Yes
2313,Female,20,ME,8.47,91.44,95.54,0,2,Yes
2314,Male,20,CE,7.62,74.86,69.75,2,4,Yes
2315,Female,23,ECE,5.93,62.15,56.76,2,4,No
2316,Female,23,CSE,8.05,97.99,92.77,2,5,Yes
2317,Female,21,ECE,5.0,52.98,47.08,1,3,No
2318,Female,22,ME,5.0,53.58,52.19,1,1,No
2319,Female,22,ECE,6.38,78.5,84.0,3,5,Yes
2320,Female,24,ME,8.41,98.62,93.15,1,4,Yes
2321,Male,22,CE,5.47,64.68,70.29,1,4,No
2322,Male,21,ECE,6.18,65.64,73.18,0,1,No
2323,Male,23,IT,7.01,83.66,88.47,0,2,Yes
2324,Male,24,ECE,7.13,83.55,90.25,2,3,Yes
2325,Male,21,ME,7.96,79.9,72.73,4,4,Yes
2326,Female,22,CSE,6.77,62.88,69.7,1,3,Yes
2327,Female,22,ECE,6.05,70.84,67.92,2,3,Yes
2328,Male,21,CE,7.94,87.59,77.94,0,5,Yes
2329,Male,22,IT,6.76,68.74,68.79,2,4,Yes
2330,Male,20,CSE,6.4,65.95,64.58,1,8,Yes
2331,Female,25,CE,8.54,84.62,79.12,1,1,Yes
2332,Male,24,IT,7.34,95.26,87.26,2,3,Yes
2333,Male,21,ME,7.26,78.9,79.23,1,3,Yes
2334,Female,24,ECE,6.01,64.28,54.67,0,5,No
2335,Male,22,CE,5.97,71.85,77.77,1,3,No
2336,Female,25,CSE,6.6,79.58,86.37,2,3,Yes
2337,Female,24,CSE,8.87,98.49,95.21,4,7,Yes
2338,Male,24,ECE,7.66,78.17,79.59,1,8,Yes
2339,Male,24,ME,5.45,54.3,60.9,4,5,Yes
2340,Male,22,ECE,7.88,93.58,100,1,2,Yes
2341,Male,25,ME,8.61,96.48,100,1,4,Yes
2342,Male,22,IT,5.79,62.68,56.69,1,3,No
2343,Female,24,CE,8.75,93.77,96.64,0,1,Yes
2344,Male,24,ECE,8.5,91.39,95.42,4,3,Yes
2345,Male,21,CSE,5.0,58.0,65.84,3,5,No
2346,Female,23,CSE,9.13,96.45,86.91,3,2,Yes
2347,Male,21,CSE,5.41,68.64,73.3,0,6,Yes
2348,Male,21,CSE,7.3,73.97,74.86,1,2,Yes
2349,Female,22,ECE,5.9,74.93,81.94,1,3,Yes
2350,Male,22,CE,8.93,90.99,88.8,1,8,Yes
2351,Female,23,ME,5.45,50.78,58.14,3,0,No
2352,Male,20,CSE,5.93,57.63,60.14,0,5,Yes
2353,Female,22,EE,7.24,90.34,87.89,1,2,Yes
2354,Female,22,ME,5.0,55.36,48.28,1,4,No
2355,Male,22,CSE,5.0,51.27,45,2,1,No
2356,Male,24,EE,5.0,58.32,50.12,0,3,No
2357,Female,23,CE,7.38,91.95,91.61,2,4,Yes
2358,Male,22,CSE,7.51,82.16,78.74,2,3,Yes
2359,Female,21,CSE,6.11,75.22,79.72,2,5,Yes
2360,Male,24,CSE,5.58,61.08,54.4,1,8,Yes
2361,Male,24,CE,5.54,63.07,69.26,1,1,No
2362,Female,25,CE,5.06,68.87,59.73,0,1,No
2363,Female,21,IT,5.35,50.57,49.22,0,6,No
2364,Male,21,ECE,6.15,62.88,60.8,2,4,Yes
2365,Female,21,CSE,8.12,89.54,88.31,2,4,Yes
2366,Male,20,ME,6.06,70.9,61.36,0,8,Yes
2367,Male,25,IT,8.0,92.79,88.32,4,1,Yes
2368,Male,23,ME,7.51,93.4,92.6,2,5,Yes
2369,Female,24,ECE,5.48,57.44,62.92,2,3,No
2370,Female,24,CSE,5.63,57.78,60.03,3,2,Yes
2371,Female,24,CE,6.9,79.87,85.32,4,7,Yes
2372,Female,23,CE,7.28,72.93,65.38,0,2,Yes
2373,Male,25,EE,8.11,97.0,88.07,0,6,Yes
2374,Female,21,IT,5.31,57.81,55.35,0,3,No
2375,Female,21,CE,6.26,56.05,59.36,0,3,No
2376,Female,20,EE,7.42,75.51,74.95,1,2,Yes
2377,Female,24,ME,7.26,72.26,63.53,3,3,Yes
2378,Female,23,ME,5.51,62.52,63.8,0,5,No
2379,Male,22,CSE,5.56,55.05,63.01,1,3,No
2380,Female,25,CE,7.3,70.66,72.15,1,5,Yes
2381,Male,24,IT,6.85,82.68,77.2,0,5,Yes
2382,Female,21,ECE,7.74,82.62,74.49,2,4,Yes
2383,Male,24,ME,6.09,82.71,73.47,2,4,Yes
2384,Male,21,IT,7.56,82.96,89.23,1,5,Yes
2385,Female,23,ECE,7.87,75.62,82.54,2,5,Yes
2386,Male,24,CSE,6.6,80.9,76.82,1,0,Yes
2387,Female,22,ME,5.75,66.86,74.38,1,0,No
2388,Female,22,ME,6.08,57.87,57.92,2,5,Yes
2389,Female,21,ME,8.38,91.98,87.99,2,6,Yes
2390,Female,20,CE,5.07,54.43,51.74,2,5,No
2391,Female,23,IT,8.94,89.49,95.61,4,3,Yes
2392,Female,24,EE,7.23,77.46,81.08,1,5,Yes
2393,Male,24,CE,6.82,82.5,87.84,1,3,Yes
2394,Male,25,ME,8.37,93.49,88.78,0,8,Yes
2395,Male,24,CSE,7.79,98.64,89.11,2,2,Yes
2396,Male,21,CSE,7.0,64.54,71.9,1,3,Yes
2397,Female,21,IT,8.57,91.55,92.01,3,8,Yes
2398,Female,22,ME,6.47,62.91,59.57,3,3,Yes
2399,Female,21,IT,8.98,90.54,93.18,1,1,Yes
2400,Female,25,ECE,6.34,65.36,69.89,2,5,Yes
2401,Female,21,ECE,6.91,78.14,69.1,1,3,Yes
2402,Male,24,ECE,7.59,81.86,87.99,2,1,Yes
2403,Female,22,ECE,9.33,96.42,99.52,1,5,Yes
2404,Female,21,EE,5.51,65.18,67.73,0,5,No
2405,Male,24,CE,8.47,78.76,84.29,0,5,Yes
2406,Female,20,EE,7.54,75.96,79.11,0,4,Yes
2407,Male,21,CSE,8.33,95.51,98.63,0,3,Yes
2408,Female,23,IT,6.07,73.25,78.5,1,2,Yes
2409,Male,20,CSE,7.17,69.67,63.75,2,3,Yes
2410,Male,20,ME,5.21,52.98,53.01,0,0,No
2411,Male,22,IT,5.06,51.36,57.65,3,7,Yes
2412,Female,21,ECE,8.87,97.81,89.56,0,3,Yes
2413,Male,21,ECE,8.29,89.9,87.91,3,6,Yes
2414,Male,22,CE,5.29,55.28,57.57,0,1,No
2415,Male,24,CE,8.93,95.95,100,1,3,Yes
2416,Female,22,CSE,5.43,56.93,64.22,2,0,No
2417,Female,23,ME,9.45,94.57,97.31,0,4,Yes
2418,Male,24,ECE,8.19,84.41,83.8,2,2,Yes
2419,Female,22,CE,5.28,70.89,68.72,0,1,No
2420,Female,22,ECE,8.19,88.53,83.7,0,6,Yes
2421,Male,24,ME,6.26,77.99,71.11,0,0,No
2422,Male,22,CE,5.85,52.57,57.43,2,4,No
2423,Male,25,CSE,5.0,60.51,58.74,0,3,No
2424,Male,24,EE,5.0,50.76,57.36,2,7,No
2425,Male,22,CE,8.62,98.37,100,2,0,Yes
2426,Male,25,CSE,9.17,95.19,97.44,3,3,Yes
2427,Female,22,IT,5.0,50.5,55.32,2,2,No
2428,Male,20,EE,6.24,69.38,71.91,2,2,Yes
2429,Male,23,CSE,7.13,76.31,69.32,4,5,Yes
2430,Male,22,IT,5.74,77.94,69.89,2,6,Yes
2431,Female,23,CSE,6.31,75.39,66.03,0,0,No
2432,Male,25,ME,5.47,61.85,62.93,0,4,No
2433,Female,21,ME,6.12,85.52,76.31,0,6,Yes
2434,Male,23,CSE,6.37,81.56,78.6,1,1,Yes
2435,Male,25,EE,5.34,51.24,49.17,2,2,No
2436,Male,22,CSE,7.48,83.55,80.93,2,2,Yes
2437,Male,21,CE,5.88,83.53,73.64,0,3,No
2438,Female,25,CSE,7.25,76.73,67.09,1,4,Yes
2439,Female,23,ECE,8.17,86.66,88.95,1,8,Yes
2440,Female,21,ECE,7.6,93.09,87.12,2,7,Yes
2441,Male,21,IT,5.0,51.03,55.53,1,5,No
2442,Male,23,CSE,6.76,80.7,74.45,3,3,Yes
2443,Female,23,IT,6.35,65.97,63.15,0,2,No
2444,Male,25,EE,7.62,80.32,86.53,2,3,Yes
2445,Male,21,ECE,7.78,76.6,74.74,4,6,Yes
2446,Male,22,ECE,5.09,57.68,54.6,0,3,No
2447,Male,25,CSE,9.57,98.2,100,2,4,Yes
2448,Male,22,ECE,9.02,92.53,84.88,1,7,Yes
2449,Female,20,EE,6.41,88.56,80.1,3,1,Yes
2450,Male,22,CSE,5.7,57.38,51.21,1,6,Yes
2451,Female,23,IT,5.79,58.59,54.05,0,6,No
2452,Male,24,IT,7.52,77.52,78.84,1,6,Yes
2453,Male,21,CE,5.42,54.76,45.47,1,3,No
2454,Female,22,CE,7.72,78.66,71.93,4,7,Yes
2455,Female,20,CE,5.0,53.38,45.81,1,1,No
2456,Female,25,CSE,7.79,81.08,76.34,2,3,Yes
2457,Male,24,CE,6.87,70.47,63.51,0,2,No
2458,Female,23,IT,5.79,58.18,59.87,1,8,Yes
2459,Male,25,ECE,5.0,53.93,53.85,4,4,Yes
2460,Male,23,CSE,6.91,73.04,70.03,1,3,Yes
2461,Male,23,IT,6.85,66.76,73.73,1,3,Yes
2462,Female,25,CSE,7.27,82.64,78.38,0,5,Yes
2463,Male,20,CSE,5.0,53.18,53.47,0,1,No
2464,Female,22,ME,7.2,80.26,73.07,3,3,Yes
2465,Female,20,EE,5.41,52.75,45.25,3,2,No
2466,Male,23,ME,5.0,61.42,52.32,1,4,No
2467,Male,23,ECE,5.53,59.12,54.31,3,1,No
2468,Male,21,CE,6.1,62.9,68.71,0,1,No
2469,Male,22,ME,6.18,61.16,58.26,1,3,No
2470,Male,22,ME,8.09,86.04,85.59,4,2,Yes
2471,Male,20,ECE,8.69,94.23,85.32,1,4,Yes
2472,Male,25,EE,7.07,65.6,69.48,2,4,Yes
2473,Female,25,ME,6.59,72.09,75.45,1,5,Yes
2474,Female,21,CSE,5.15,58.36,60.8,3,3,Yes
2475,Female,23,ECE,7.52,94.06,92.2,2,3,Yes
2476,Male,22,IT,7.69,92.64,85.33,1,5,Yes
2477,Male,21,CSE,5.0,50.8,49.3,0,3,No
2478,Female,24,CSE,5.38,59.31,60.23,1,6,No
2479,Female,22,CE,5.0,53.28,49.1,1,2,No
2480,Female,23,ECE,8.39,96.89,98.26,1,4,Yes
2481,Female,24,IT,8.77,85.51,90.04,1,8,Yes
2482,Male,23,CSE,9.76,96.28,98.67,3,4,Yes
2483,Male,22,ECE,6.13,78.28,74.24,0,3,Yes
2484,Female,21,EE,6.79,79.86,84.5,1,6,Yes
2485,Female,23,ME,6.84,80.56,72.02,2,6,Yes
2486,Male,23,IT,6.03,59.47,63.33,1,5,Yes
2487,Male,20,IT,7.23,90.42,89.11,1,3,Yes
2488,Female,24,CSE,8.8,89.73,83.12,2,2,Yes
2489,Female,24,ME,5.75,63.84,68.07,2,0,No
2490,Male,20,CSE,6.92,81.56,79.15,2,8,Yes
2491,Male,21,ECE,6.94,87.16,79.1,1,5,Yes
2492,Male,21,IT,5.0,50.83,45,1,1,No
2493,Male,20,EE,6.8,81.67,78.79,2,0,Yes
2494,Female,24,CSE,7.4,75.07,78.08,1,7,Yes
2495,Male,21,CE,6.83,61.52,65.1,1,3,Yes
2496,Male,24,CSE,6.99,70.4,74.62,1,1,Yes
2497,Male,22,CSE,5.0,52.77,55.07,2,5,No
2498,Male,21,CE,7.94,96.77,89.25,1,4,Yes
2499,Male,22,ECE,7.69,82.81,85.36,0,4,Yes
2500,Female,20,IT,5.14,53.95,59.82,2,3,No
2501,Male,25,ME,5.77,63.79,63.8,0,2,No
2502,Male,22,CE,6.19,69.24,70.95,1,7,Yes
2503,Female,21,CSE,5.47,52.04,56.52,3,2,Yes
2504,Female,25,EE,8.29,93.45,98.17,0,4,Yes
2505,Female,22,CSE,5.12,51.17,45,3,2,Yes
2506,Male,22,ECE,7.39,69.15,72.72,1,4,Yes
2507,Female,21,CSE,5.0,55.26,45.26,0,0,No
2508,Male,23,IT,5.61,77.84,70.71,0,2,No
2509,Female,20,CSE,6.06,82.03,77.38,0,1,No
2510,Female,21,CSE,8.33,81.2,88.34,3,7,Yes
2511,Male,25,CSE,8.49,92.62,93.06,1,5,Yes
2512,Female,21,CSE,5.0,69.48,66.27,1,3,No
2513,Male,20,EE,9.37,97.01,100,2,2,Yes
2514,Female,21,CSE,6.39,71.95,61.99,3,6,Yes
2515,Female,23,ME,7.29,85.06,88.43,0,3,Yes
2516,Male,22,EE,5.28,68.19,68.11,2,3,No
2517,Male,23,CE,7.97,87.6,80.26,3,4,Yes
2518,Female,20,ECE,7.88,93.35,89.34,1,5,Yes
2519,Male,20,IT,7.92,95.0,100,1,4,Yes
2520,Female,24,CSE,8.28,90.0,83.7,0,3,Yes
2521,Male,20,ECE,6.92,78.2,72.78,3,5,Yes
2522,Female,23,CSE,8.04,85.86,90.2,1,4,Yes
2523,Female,25,IT,7.79,86.83,78.75,1,6,Yes
2524,Male,20,CE,8.88,97.49,100,3,5,Yes
2525,Female,22,ME,7.27,76.56,68.3,0,0,No
2526,Male,25,CSE,5.75,62.42,69.54,1,3,Yes
2527,Male,23,IT,6.9,64.89,66.04,2,4,Yes
2528,Female,23,IT,5.62,51.52,54.13,1,4,No
2529,Female,24,CE,9.98,96.51,98.84,1,7,Yes
2530,Male,22,ECE,5.52,54.07,57.11,3,3,Yes
2531,Male,23,CSE,6.9,65.18,69.17,0,3,No
2532,Male,25,ME,8.54,95.84,93.84,1,5,Yes
2533,Female,25,EE,5.3,62.41,54.53,0,3,No
2534,Male,24,IT,5.47,55.37,48.16,0,3,No
2535,Female,25,CE,6.73,87.85,78.64,1,5,Yes
2536,Male,23,ME,7.52,96.45,88.54,0,8,Yes
2537,Male,23,IT,7.21,84.25,74.62,2,4,Yes
2538,Male,22,ECE,6.21,84.4,75.6,3,4,Yes
2539,Male,21,CE,7.2,92.9,85.08,1,4,Yes
2540,Female,22,ECE,7.32,73.42,80.9,1,1,Yes
2541,Male,22,CSE,6.1,84.37,74.57,2,1,Yes
2542,Female,20,IT,7.27,89.76,85.51,1,2,Yes
2543,Male,21,CSE,6.37,69.01,70.41,2,1,Yes
2544,Male,20,ECE,7.67,98.5,89.81,2,3,Yes
2545,Female,22,IT,6.97,86.87,77.64,1,2,Yes
2546,Male,23,ECE,7.58,92.48,95.95,2,5,Yes
2547,Female,25,CSE,7.58,79.35,74.53,1,0,Yes
2548,Male,21,ME,5.0,51.96,46.95,2,8,No
2549,Female,24,IT,6.2,65.1,72.17,1,6,Yes
2550,Female,25,ECE,7.36,82.39,82.72,0,3,Yes
2551,Male,25,CSE,8.48,80.83,87.64,1,2,Yes
2552,Male,21,ECE,6.62,67.08,62.59,1,3,No
2553,Male,25,CSE,8.12,80.04,84.2,2,2,Yes
2554,Female,24,IT,7.26,89.1,89.57,2,6,Yes
2555,Male,25,ME,5.37,58.97,60.62,0,3,No
2556,Female,24,IT,5.0,62.48,53.78,1,4,No
2557,Male,22,CE,7.06,72.28,80.12,1,4,Yes
2558,Male,23,EE,6.15,73.99,65.94,1,1,No
2559,Female,20,CSE,5.0,53.44,45.37,0,1,No
2560,Male,20,CE,6.17,77.76,67.94,2,2,Yes
2561,Male,24,ECE,7.76,86.83,93.53,0,0,Yes
2562,Female,21,ME,8.13,90.43,84.09,4,1,Yes
2563,Female,22,ME,5.0,56.1,50.53,0,4,No
2564,Female,22,CSE,5.54,61.7,57.25,1,3,No
2565,Male,20,IT,7.06,71.76,64.47,3,5,Yes
2566,Female,21,CE,6.91,74.08,78.29,1,3,Yes
2567,Female,24,CSE,5.56,57.08,48.47,2,2,No
2568,Male,22,IT,5.0,62.19,57.42,2,3,No
2569,Female,21,EE,5.0,53.17,56.01,1,3,No
2570,Male,23,CE,5.0,54.38,48.97,1,8,No
2571,Male,24,EE,8.18,79.36,83.94,4,3,Yes
2572,Male,21,CSE,6.15,84.07,74.97,3,3,Yes
2573,Female,22,ME,5.0,59.11,56.48,0,6,No
2574,Female,25,CSE,8.18,76.85,83.81,0,5,Yes
2575,Female,20,ME,5.95,63.18,67.28,2,4,Yes
2576,Male,24,CE,5.99,62.04,52.2,2,4,No
2577,Male,20,IT,6.0,58.18,56.62,0,4,No
2578,Female,23,CSE,5.0,58.58,50.56,2,5,No
2579,Male,20,IT,7.39,75.92,74.74,1,5,Yes
2580,Male,25,CE,6.63,67.34,68.24,2,5,Yes
2581,Male,24,ME,5.0,56.19,46.85,4,6,No
2582,Female,23,IT,5.23,68.31,63.97,0,3,No
2583,Male,24,ME,7.4,86.71,88.39,0,0,Yes
2584,Male,23,IT,6.79,84.93,81.62,0,7,Yes
2585,Male,25,CE,5.31,64.48,55.44,1,4,No
2586,Female,22,ME,7.67,77.03,67.76,2,1,Yes
2587,Male,24,CSE,9.05,98.61,91.24,1,0,Yes
2588,Male,20,ECE,5.65,66.37,67.4,1,3,Yes
2589,Female,23,ME,6.78,71.24,70.49,1,5,Yes
2590,Female,21,CE,6.11,68.52,70.41,2,2,No
2591,Female,20,EE,5.0,63.51,57.47,0,1,No
2592,Male,21,IT,6.66,77.84,85.67,4,2,Yes
2593,Female,20,CSE,8.63,94.84,87.82,0,4,Yes
2594,Male,25,CE,7.99,91.68,98.88,1,6,Yes
2595,Male,25,IT,5.81,57.62,59.9,1,2,No
2596,Female,21,ME,7.24,71.26,66.16,1,8,Yes
2597,Male,24,IT,7.1,92.29,84.21,0,5,Yes
2598,Male,21,CE,7.33,84.17,83.28,1,4,Yes
2599,Male,24,ECE,7.75,95.49,86.68,3,3,Yes
2600,Male,23,CE,5.36,66.36,63.03,1,8,Yes
2601,Male,21,IT,8.29,91.62,86.78,0,2,Yes
2602,Male,20,CSE,5.0,54.03,57.3,1,6,Yes
2603,Female,25,EE,7.65,98.6,88.64,0,8,Yes
2604,Female,25,IT,7.55,78.03,68.76,1,0,Yes
2605,Female,24,CSE,9.71,95.21,99.42,2,3,Yes
2606,Male,24,CSE,6.77,80.02,72.52,3,2,Yes
2607,Male,23,ECE,7.96,83.76,74.34,2,5,Yes
2608,Male,24,IT,7.39,82.02,86.68,3,5,Yes
2609,Female,21,CSE,5.0,57.29,50.08,1,1,No
2610,Male,21,EE,5.13,63.84,59.83,0,3,No
2611,Female,25,CE,8.01,77.05,77.63,0,3,Yes
2612,Male,21,IT,5.68,52.4,57.54,1,5,No
2613,Female,25,ME,7.28,72.03,76.71,2,4,Yes
2614,Female,25,CSE,7.42,92.59,85.55,0,6,Yes
2615,Male,21,CSE,8.47,79.59,86.82,2,3,Yes
2616,Female,25,IT,6.09,80.13,76.2,2,7,Yes
2617,Male,25,EE,7.78,86.09,85.18,3,8,Yes
2618,Female,23,ME,8.42,85.83,76.54,1,2,Yes
2619,Male,22,IT,7.05,69.96,71.25,1,6,Yes
2620,Female,24,ECE,8.12,95.23,100,1,6,Yes
2621,Female,25,CE,5.46,62.45,57.23,0,7,No
2622,Male,23,CSE,5.12,53.73,58.19,3,7,Yes
2623,Female,25,ME,7.36,81.36,76.87,0,8,Yes
2624,Female,22,ME,8.31,91.91,98.57,2,2,Yes
2625,Male,23,CSE,6.52,81.7,88.74,0,5,Yes
2626,Female,25,CSE,5.66,57.93,55.61,1,5,No
2627,Female,25,ECE,6.04,53.36,61.05,3,0,No
2628,Female,22,CE,5.0,55.56,53.68,2,5,No
2629,Male,25,EE,6.82,88.49,84.9,0,5,Yes
2630,Male,20,CE,8.21,80.4,87.85,4,2,Yes
2631,Male,25,ECE,7.23,73.46,80.1,0,6,Yes
2632,Male,24,ME,6.25,69.72,62.74,1,4,Yes
2633,Female,25,CSE,7.67,82.19,88.62,2,3,Yes
2634,Male,20,CSE,5.0,59.22,59.5,2,3,No
2635,Female,20,CE,8.74,92.24,83.77,1,4,Yes
2636,Male,23,ECE,6.19,77.03,80.74,2,5,Yes
2637,Male,24,ME,5.0,64.38,69.84,1,7,No
2638,Male,23,CE,7.13,63.75,69.05,4,3,Yes
2639,Female,23,CSE,9.15,98.08,93.98,3,7,Yes
2640,Female,22,CSE,8.46,97.76,100,0,4,Yes
2641,Male,20,CSE,8.31,91.23,91.13,3,5,Yes
2642,Female,25,ECE,7.62,94.41,96.25,1,7,Yes
2643,Female,20,EE,5.0,63.18,54.12,3,4,No
2644,Male,23,ME,5.11,69.89,61.81,3,6,Yes
2645,Male,21,EE,7.58,77.88,83.48,0,2,Yes
2646,Male,25,ECE,8.47,98.49,88.59,1,5,Yes
2647,Male,24,CSE,6.17,71.06,72.1,2,2,Yes
2648,Female,23,CE,6.38,64.1,58.58,0,3,No
2649,Male,20,IT,5.0,59.37,53.92,0,4,No
2650,Female,21,EE,5.0,61.31,55.81,0,3,No
2651,Male,20,ECE,8.3,81.94,84.85,0,1,Yes
2652,Male,25,EE,6.04,56.04,52.68,1,4,No
2653,Female,25,CSE,6.32,69.07,62.45,3,2,Yes
2654,Male,20,CSE,6.76,71.23,64.08,2,5,Yes
2655,Male,20,CE,5.0,56.89,51.92,0,5,No
2656,Female,22,IT,6.08,60.99,54.61,2,7,Yes
2657,Male,23,CE,5.0,50.84,45.06,0,7,No
2658,Female,20,CSE,5.0,68.17,62.76,3,4,Yes
2659,Male,20,ECE,7.63,93.36,87.7,2,5,Yes
2660,Female,24,ECE,9.09,95.3,100,4,0,Yes
2661,Male,25,ME,6.13,70.57,66.71,0,5,Yes
2662,Male,25,ME,7.55,78.72,80.04,4,4,Yes
2663,Male,24,CSE,5.0,62.0,52.82,1,2,No
2664,Male,24,CSE,5.0,53.74,53.91,1,0,No
2665,Male,25,CSE,7.7,83.37,90.94,0,5,Yes
2666,Male,22,CSE,6.21,78.79,70.95,1,3,Yes
2667,Male,21,EE,5.0,54.58,49.09,2,7,No
2668,Male,22,ECE,6.33,82.21,84.74,2,5,Yes
2669,Male,22,CSE,6.64,74.68,68.81,0,5,Yes
2670,Female,24,EE,5.0,51.32,45,0,2,No
2671,Male,25,CSE,5.0,58.79,63.68,1,1,No
2672,Female,20,CSE,8.54,94.7,88.37,3,2,Yes
2673,Male,20,ME,5.0,57.79,54.6,0,2,No
2674,Male,20,ME,5.0,60.38,53.15,0,5,No
2675,Male,24,CE,7.34,76.01,82.23,4,4,Yes
2676,Male,24,ECE,7.14,77.8,84.97,2,5,Yes
2677,Male,21,CE,7.52,89.12,94.16,1,5,Yes
2678,Male,24,CSE,7.19,84.03,90.24,2,7,Yes
2679,Male,25,ECE,7.46,86.14,78.57,1,2,Yes
2680,Female,24,ME,6.6,76.64,67.98,0,4,No
2681,Male,24,CSE,6.02,58.74,56.44,0,5,No
2682,Female,24,CSE,6.66,71.68,69.28,0,5,Yes
2683,Female,22,CSE,8.72,87.51,91.55,2,6,Yes
2684,Male,21,ME,7.09,89.59,90.14,0,7,Yes
2685,Female,24,EE,5.94,52.81,54.17,0,1,No
2686,Male,20,ME,6.01,74.7,69.92,0,4,No
2687,Female,24,ECE,5.94,74.07,80.45,0,5,Yes
2688,Female,22,IT,5.0,51.98,49.8,1,0,No
2689,Male,22,EE,5.0,54.35,57.38,0,3,No
2690,Male,22,ECE,7.64,98.54,95.19,1,2,Yes
2691,Female,24,EE,6.15,80.63,71.58,1,6,Yes
2692,Female,20,ME,9.11,88.15,95.31,1,1,Yes
2693,Female,20,ME,6.53,62.39,61.9,3,5,Yes
2694,Female,25,CSE,9.67,96.47,95.44,1,3,Yes
2695,Male,20,IT,5.0,61.87,63.98,1,4,No
2696,Male,25,EE,6.78,85.8,83.14,0,3,Yes
2697,Male,25,ME,7.14,71.11,62.98,1,3,No
2698,Male,25,IT,6.84,67.38,70.89,3,0,Yes
2699,Male,25,IT,5.86,76.63,70.0,3,5,Yes
2700,Male,22,IT,5.7,63.71,58.94,2,4,Yes
2701,Female,25,CSE,5.72,61.83,64.38,2,2,Yes
2702,Male,24,ME,5.0,53.01,55.4,2,1,No
2703,Male,21,CSE,8.5,87.49,83.88,1,3,Yes
2704,Male,21,ME,8.18,89.49,81.11,1,3,Yes
2705,Male,20,ECE,5.72,59.73,60.41,0,2,No
2706,Male,21,CSE,5.0,69.93,60.56,0,5,No
2707,Male,22,CE,6.11,54.67,61.96,2,5,Yes
2708,Male,21,CSE,5.03,51.3,55.89,1,3,No
2709,Female,24,CE,5.37,61.97,58.76,2,2,No
2710,Female,20,CE,9.67,94.49,100,2,3,Yes
2711,Male,20,CSE,8.26,79.58,84.13,2,4,Yes
2712,Male,21,IT,7.04,73.39,78.48,2,3,Yes
2713,Female,21,ECE,6.22,74.79,66.11,1,3,No
2714,Female,25,ME,7.46,85.81,78.15,3,0,Yes
2715,Male,22,CSE,9.64,95.84,93.56,2,4,Yes
2716,Female,23,ME,5.0,50.88,45,4,4,No
2717,Male,24,CSE,7.08,92.69,83.18,1,3,Yes
2718,Male,21,ME,5.0,62.45,58.58,1,4,No
2719,Male,25,ME,7.34,70.8,70.9,2,8,Yes
2720,Male,20,CSE,6.55,64.9,64.88,4,5,Yes
2721,Male,25,CE,7.5,86.1,85.61,0,4,Yes
2722,Male,20,EE,6.86,72.13,74.62,0,3,Yes
2723,Female,22,IT,6.05,58.91,49.19,4,4,Yes
2724,Female,25,ECE,8.85,96.19,93.76,2,6,Yes
2725,Female,25,ECE,7.72,79.42,82.56,4,3,Yes
2726,Male,24,ME,7.28,78.38,79.84,0,4,Yes
2727,Female,22,ECE,9.33,88.82,94.24,3,1,Yes
2728,Female,21,IT,5.23,56.92,64.36,1,7,No
2729,Female,24,ECE,6.53,69.5,61.62,4,0,Yes
2730,Female,22,ECE,8.88,98.74,92.85,1,4,Yes
2731,Female,24,CSE,9.43,93.96,97.59,4,6,Yes
2732,Female,25,CSE,5.51,56.98,59.49,1,4,Yes
2733,Male,24,ME,6.96,76.68,69.32,0,4,Yes
2734,Male,25,CSE,7.68,90.63,80.9,1,4,Yes
2735,Male,21,ME,6.72,65.37,61.43,0,6,Yes
2736,Male,21,CSE,7.84,89.02,84.61,2,0,Yes
2737,Female,23,ME,5.0,50.05,52.07,2,6,No
2738,Female,20,ME,6.8,87.4,86.47,2,5,Yes
2739,Female,20,CSE,5.04,53.24,52.74,1,2,No
2740,Female,22,CSE,6.3,69.98,63.17,0,4,No
2741,Male,21,CSE,5.64,68.05,69.53,3,3,Yes
2742,Male,20,EE,5.91,72.0,64.52,3,4,Yes
2743,Male,24,ME,8.04,86.55,85.41,1,3,Yes
2744,Male,25,CE,5.0,53.27,57.27,3,4,No
2745,Female,21,CSE,6.92,61.37,68.24,1,5,Yes
2746,Male,23,CSE,5.34,76.69,68.11,2,6,Yes
2747,Male,24,CSE,5.71,68.61,62.55,2,8,Yes
2748,Male,24,ECE,5.0,66.9,59.08,0,4,No
2749,Male,20,EE,5.0,58.27,58.69,3,2,No
2750,Female,23,CSE,7.92,98.75,93.01,1,1,Yes
2751,Male,21,CE,7.75,86.3,85.29,3,1,Yes
2752,Female,23,CE,6.36,78.86,83.75,0,4,Yes
2753,Male,24,IT,8.79,90.66,94.78,1,5,Yes
2754,Male,24,CSE,5.08,55.63,54.91,4,3,Yes
2755,Female,23,CE,5.0,51.12,55.26,2,3,No
2756,Female,23,ECE,5.01,52.99,58.49,3,4,Yes
2757,Female,20,IT,5.0,50.11,49.84,2,2,No
2758,Male,21,CSE,6.17,69.27,74.99,2,4,Yes
2759,Male,22,IT,5.14,57.37,48.68,3,1,No
2760,Male,23,CE,8.29,86.99,94.18,1,5,Yes
2761,Female,24,IT,5.65,76.79,67.08,3,0,Yes
2762,Male,24,EE,5.58,61.26,66.41,2,5,No
2763,Female,25,CSE,8.78,93.24,89.32,1,4,Yes
2764,Male,23,EE,7.67,74.87,82.19,0,4,Yes
2765,Female,21,CE,5.41,69.68,66.71,2,4,No
2766,Female,22,IT,5.42,53.82,54.87,2,3,No
2767,Male,24,CSE,7.56,80.56,87.04,2,2,Yes
2768,Male,24,CSE,8.81,98.72,89.41,1,4,Yes
2769,Male,25,ME,7.16,68.07,70.59,2,6,Yes
2770,Male,25,EE,6.41,83.6,83.85,0,2,Yes
2771,Female,22,ME,5.44,63.15,56.44,1,3,No
2772,Female,24,IT,6.5,81.28,82.69,1,4,Yes
2773,Male,21,ME,6.7,59.53,66.82,3,3,Yes
2774,Male,25,CE,6.02,59.14,62.85,3,2,Yes
2775,Male,24,CSE,8.87,96.36,90.35,1,4,Yes
2776,Male,24,CSE,6.34,84.82,81.47,2,4,Yes
2777,Female,24,IT,8.01,79.88,83.49,1,2,Yes
2778,Male,24,CSE,7.63,83.1,82.32,3,1,Yes
2779,Male,20,CSE,7.36,90.82,86.83,2,1,Yes
2780,Male,20,IT,5.9,72.23,68.11,0,5,No
2781,Female,23,ECE,7.58,91.45,90.89,1,6,Yes
2782,Female,22,CE,6.14,57.33,62.89,1,5,No
2783,Female,21,ECE,6.63,80.17,87.23,1,3,Yes
2784,Female,21,ME,5.0,50.33,46.83,1,4,No
2785,Male,21,CE,7.91,77.31,83.74,1,7,Yes
2786,Female,23,ME,5.91,72.04,70.0,0,3,No
2787,Male,25,CE,6.35,63.7,65.08,1,3,Yes
2788,Female,24,IT,6.79,74.6,70.08,0,1,Yes
2789,Female,20,CSE,7.42,91.7,97.58,2,3,Yes
2790,Female,21,CSE,6.39,61.58,63.15,4,1,Yes
2791,Male,21,CSE,5.0,66.66,57.27,2,4,No
2792,Male,22,IT,6.57,75.47,76.57,2,5,Yes
2793,Female,25,CE,5.72,60.88,58.96,1,7,Yes
2794,Male,20,CSE,9.07,91.45,99.18,3,2,Yes
2795,Male,21,ME,6.01,58.47,58.25,2,2,No
2796,Male,21,ME,7.7,81.61,82.89,0,5,Yes
2797,Male,23,CSE,5.25,57.85,60.77,0,2,No
2798,Male,20,EE,5.0,58.67,51.92,1,2,No
2799,Female,22,ECE,7.48,68.57,74.1,1,4,Yes
2800,Female,25,ME,5.65,68.74,70.58,0,1,No
2801,Female,20,EE,5.0,58.6,56.83,1,5,No
2802,Female,24,CE,8.44,96.88,100,0,4,Yes
2803,Female,25,IT,5.0,58.39,50.2,1,6,No
2804,Male,24,ECE,5.6,61.59,54.59,2,2,No
2805,Female,21,IT,7.5,96.05,90.85,2,3,Yes
2806,Male,21,ME,6.26,64.2,71.15,1,2,Yes
2807,Female,24,EE,5.54,55.71,61.79,2,4,No
2808,Female,23,CSE,5.46,52.72,47.16,1,4,No
2809,Male,23,EE,8.85,90.06,82.55,3,4,Yes
2810,Male,25,ME,5.0,54.83,59.11,2,6,No
2811,Male,20,CSE,8.04,77.16,78.08,3,4,Yes
2812,Female,22,EE,8.6,83.97,86.97,2,3,Yes
2813,Male,20,ME,9.51,95.2,99.43,0,0,Yes
2814,Male,23,EE,8.51,89.92,95.31,0,1,Yes
2815,Male,21,ME,6.34,77.96,84.67,2,4,Yes
2816,Female,24,ME,6.33,82.54,74.2,1,6,Yes
2817,Male,21,CE,6.39,78.25,86.11,2,3,Yes
2818,Male,23,CSE,5.0,57.4,50.13,0,5,No
2819,Male,23,ME,5.41,56.84,48.91,2,1,No
2820,Male,21,CSE,5.93,80.26,70.83,1,5,Yes
2821,Male,21,CSE,6.28,80.53,83.66,1,3,Yes
2822,Male,25,CSE,6.98,81.88,83.85,1,1,Yes
2823,Male,20,IT,8.39,88.7,90.99,0,3,Yes
2824,Female,21,CSE,6.23,64.05,56.37,1,5,Yes
2825,Female,25,IT,8.76,88.76,93.35,0,7,Yes
2826,Female,22,CSE,6.36,84.03,82.97,0,7,Yes
2827,Male,23,CE,6.64,76.94,76.65,2,1,Yes
2828,Male,20,CE,8.68,88.15,78.61,3,3,Yes
2829,Male,21,ECE,5.7,63.62,56.61,1,5,No
2830,Male,24,CSE,5.0,61.18,53.46,2,6,No
2831,Male,21,ME,6.92,83.54,85.1,2,2,Yes
2832,Male,24,IT,8.9,94.35,100,2,3,Yes
2833,Female,24,CSE,7.75,71.7,73.89,1,3,Yes
2834,Male,23,ME,5.22,56.71,61.29,0,0,No
2835,Male,24,CSE,6.18,60.15,64.66,1,2,No
2836,Male,20,ECE,5.0,70.77,61.54,0,5,No
2837,Male,24,CSE,8.5,85.27,92.81,1,2,Yes
2838,Male,21,CSE,8.59,84.92,80.9,2,2,Yes
2839,Female,23,IT,8.21,89.25,82.4,0,4,Yes
2840,Male,24,EE,6.82,71.89,74.55,1,2,Yes
2841,Male,25,ME,7.14,88.07,89.0,2,7,Yes
2842,Female,23,ECE,5.0,57.3,53.66,0,1,No
2843,Male,20,CE,5.72,69.75,67.41,1,4,Yes
2844,Female,20,ECE,7.56,73.8,72.21,0,5,Yes
2845,Male,24,CSE,8.68,85.03,88.66,2,2,Yes
2846,Male,25,CSE,7.81,88.44,79.2,1,5,Yes
2847,Female,23,CE,7.46,69.36,70.27,2,4,Yes
2848,Female,25,CSE,6.97,70.31,71.16,0,6,Yes
2849,Male,23,IT,5.0,52.41,51.05,0,2,No
2850,Male,25,EE,6.3,75.25,75.89,1,1,Yes
2851,Female,20,EE,8.04,94.64,87.61,4,4,Yes
2852,Male,24,ECE,7.77,94.3,99.5,1,6,Yes
2853,Female,25,ME,7.93,80.76,72.47,3,7,Yes
2854,Male,25,EE,7.19,80.15,79.38,4,4,Yes
2855,Female,20,CE,8.96,97.16,100,2,7,Yes
2856,Male,20,CE,8.33,95.48,100,0,5,Yes
2857,Female,22,ECE,8.65,86.13,80.33,4,3,Yes
2858,Male,20,ME,5.17,62.72,53.56,1,1,No
2859,Female,23,ECE,6.33,64.68,61.94,2,7,Yes
2860,Male,24,CSE,5.47,58.1,60.17,1,3,No
2861,Female,25,CE,6.11,73.38,74.82,1,2,No
2862,Female,20,ME,5.11,70.75,67.13,3,4,No
2863,Male,25,ECE,5.27,60.98,63.99,2,3,Yes
2864,Female,25,EE,6.29,58.9,60.42,3,5,Yes
2865,Female,23,ECE,7.82,85.3,92.14,1,4,Yes
2866,Male,21,ECE,5.77,55.01,47.57,1,5,No
2867,Male,24,ECE,5.94,50.02,57.44,2,2,No
2868,Female,21,EE,7.46,93.14,85.61,1,8,Yes
2869,Male,24,CSE,5.0,51.08,56.07,0,8,No
2870,Female,25,CSE,8.1,82.4,90.17,0,6,Yes
2871,Male,21,CSE,7.57,85.27,91.37,4,0,Yes
2872,Female,20,IT,9.04,88.21,90.82,1,7,Yes
2873,Male,22,CSE,5.0,54.77,50.49,0,2,No
2874,Female,23,ME,7.67,73.03,76.36,3,1,Yes
2875,Female,24,ECE,7.99,86.9,88.25,4,5,Yes
2876,Male,24,CSE,5.4,63.3,61.27,2,1,No
2877,Male,21,CE,7.69,80.7,87.75,2,4,Yes
2878,Male,24,IT,8.17,80.31,78.24,1,3,Yes
2879,Male,22,ECE,7.83,97.97,100,0,1,Yes
2880,Male,25,ME,9.67,98.74,93.18,3,0,Yes
2881,Male,23,EE,5.09,53.03,58.02,2,5,No
2882,Male,23,CE,7.18,81.73,73.53,1,4,Yes
2883,Male,20,ECE,6.29,81.92,77.34,1,4,Yes
2884,Male,23,CE,8.25,83.44,78.37,3,4,Yes
2885,Male,22,ME,5.91,62.84,53.1,1,3,No
2886,Female,22,ECE,5.63,51.43,49.54,2,7,No
2887,Male,24,CSE,5.01,56.41,61.84,2,6,Yes
2888,Female,21,ME,5.0,66.49,61.7,2,4,No
2889,Female,20,EE,6.41,83.09,75.97,0,2,Yes
2890,Female,23,CE,6.24,73.44,75.26,0,3,No
2891,Male,20,CSE,6.95,84.75,76.55,4,4,Yes
2892,Male,24,EE,9.41,98.68,88.79,1,1,Yes
2893,Female,23,EE,9.43,98.59,90.89,0,4,Yes
2894,Male,20,CE,5.89,63.39,55.82,2,6,Yes
2895,Male,21,ME,8.22,95.06,86.02,0,5,Yes
2896,Male,22,EE,8.05,85.75,91.35,1,3,Yes
2897,Male,22,CE,5.34,58.57,50.87,2,2,No
2898,Male,22,CSE,6.91,83.12,80.85,1,4,Yes
2899,Male,21,ME,5.0,53.76,46.28,3,8,No
2900,Male,25,ME,7.54,74.07,80.99,4,3,Yes
2901,Male,21,CSE,6.45,64.38,65.93,1,0,Yes
2902,Female,23,EE,8.04,90.16,96.32,0,4,Yes
2903,Male,23,CE,8.42,90.51,85.1,0,3,Yes
2904,Female,22,EE,6.68,74.65,67.26,0,6,Yes
2905,Male,25,ME,8.25,86.28,85.54,1,3,Yes
2906,Female,23,IT,6.02,58.44,53.01,4,2,Yes
2907,Female,21,ME,8.42,93.07,95.46,2,3,Yes
2908,Male,25,EE,8.44,87.03,91.44,0,4,Yes
2909,Male,24,ECE,5.34,62.52,62.22,2,4,Yes
2910,Male,21,CE,7.44,87.45,88.23,4,3,Yes
2911,Female,20,CSE,5.85,72.02,64.5,0,1,No
2912,Female,25,CE,6.44,84.81,77.96,0,4,No
2913,Male,24,CSE,7.78,77.83,69.69,4,4,Yes
2914,Male,21,CE,7.39,77.76,85.46,1,0,Yes
2915,Female,21,CSE,5.0,52.19,45,0,0,No
2916,Male,23,ECE,5.31,55.62,62.0,2,4,No
2917,Female,23,EE,5.79,55.96,55.82,0,3,No
2918,Male,25,CSE,7.6,77.1,83.81,2,1,Yes
2919,Male,23,CSE,8.25,88.37,92.17,0,3,Yes
2920,Female,22,ME,6.84,88.72,79.35,2,0,Yes
2921,Male,21,CSE,7.47,90.05,85.07,2,3,Yes
2922,Male,25,CSE,6.42,71.21,77.35,1,1,Yes
2923,Male,22,IT,5.32,54.24,45.87,4,2,No
2924,Female,24,IT,7.47,69.54,74.26,1,4,Yes
2925,Female,22,ME,7.87,87.25,84.99,1,1,Yes
2926,Female,24,IT,5.0,69.03,67.29,0,3,No
2927,Female,24,CSE,7.27,75.93,78.21,2,1,Yes
2928,Female,23,CSE,6.0,72.22,63.62,1,5,Yes
2929,Male,20,CSE,8.22,93.18,96.93,2,4,Yes
2930,Female,21,IT,6.3,64.83,56.25,2,8,Yes
2931,Female,20,ME,7.19,67.7,66.89,0,3,No
2932,Male,25,CSE,6.53,64.54,65.38,0,4,Yes
2933,Female,22,CSE,6.65,84.93,82.18,1,2,Yes
2934,Male,24,ECE,7.6,72.01,76.61,3,2,Yes
2935,Male,21,CSE,6.74,77.12,79.38,2,0,Yes
2936,Male,20,ME,5.04,56.94,62.14,2,5,No
2937,Female,20,EE,5.21,60.76,63.43,1,1,No
2938,Female,22,ME,5.46,73.03,66.23,1,3,No
2939,Female,20,CSE,7.71,73.79,75.53,1,2,Yes
2940,Male,20,CSE,7.26,70.56,67.57,3,5,Yes
2941,Male,20,ME,9.34,96.21,97.76,0,1,Yes
2942,Male,21,ME,8.8,93.41,85.38,0,2,Yes
2943,Female,25,IT,8.7,96.4,100,2,1,Yes
2944,Male,23,ECE,7.02,83.34,73.42,3,6,Yes
2945,Female,24,ME,6.3,77.53,73.42,2,1,Yes
2946,Male,24,ECE,5.31,60.45,65.88,1,2,No
2947,Male,25,CSE,8.41,80.6,83.58,4,2,Yes
2948,Male,21,CE,6.72,85.54,76.81,0,3,Yes
2949,Female,21,EE,5.0,53.37,59.43,3,5,No
2950,Male,21,IT,7.39,95.0,92.57,3,8,Yes
2951,Female,23,CSE,8.46,76.85,84.67,3,7,Yes
2952,Male,21,IT,6.52,61.16,67.74,2,6,Yes
2953,Male,20,IT,5.97,52.6,57.29,2,3,No
2954,Male,20,IT,5.21,69.46,63.17,2,4,Yes
2955,Male,22,CSE,7.35,74.18,76.78,2,4,Yes
2956,Male,20,CE,6.23,72.67,71.81,2,5,Yes
2957,Female,25,CE,7.59,83.42,74.39,0,0,Yes
2958,Male,21,IT,9.38,95.08,89.9,2,8,Yes
2959,Female,21,ECE,6.23,65.37,69.66,3,1,Yes
2960,Male,25,CE,5.0,53.87,45.87,2,2,No
2961,Female,25,EE,7.94,78.82,76.74,1,3,Yes
2962,Female,20,ME,7.75,84.51,89.71,1,7,Yes
2963,Female,22,EE,9.41,94.76,96.76,0,8,Yes
2964,Female,21,CE,7.92,87.87,78.09,1,0,Yes
2965,Female,21,IT,7.47,74.82,77.4,0,4,Yes
2966,Female,21,CE,6.97,66.5,67.58,4,3,Yes
2967,Male,22,EE,5.32,66.68,57.5,0,3,No
2968,Female,20,EE,7.14,69.49,67.2,2,1,Yes
2969,Female,23,CSE,9.4,88.14,94.26,1,5,Yes
2970,Female,21,EE,6.99,77.94,73.14,4,3,Yes
2971,Male,23,ECE,7.68,87.18,92.42,0,2,Yes
2972,Male,23,CSE,6.89,68.59,63.18,0,1,No
2973,Male,20,EE,8.1,82.41,82.72,0,2,Yes
2974,Male,20,ME,5.29,51.57,45,1,4,No
2975,Male,24,ECE,5.0,70.29,64.85,3,1,No
2976,Male,21,EE,5.0,50.32,56.45,4,6,Yes
2977,Female,24,ECE,9.6,98.12,96.24,3,1,Yes
2978,Female,23,IT,6.8,69.37,63.53,1,5,Yes
2979,Male,25,CSE,5.09,68.13,67.5,1,3,No
2980,Female,20,CE,6.02,55.61,60.03,0,5,No
2981,Male,25,CE,5.67,54.85,59.16,0,3,No
2982,Female,24,ECE,5.89,73.95,64.03,0,1,No
2983,Male,24,IT,6.76,76.96,68.43,1,5,Yes
2984,Male,25,EE,6.65,68.7,68.0,2,5,Yes
2985,Male,25,ECE,5.15,60.58,60.43,3,4,Yes
2986,Female,24,CSE,7.47,97.11,92.71,0,4,Yes
2987,Female,21,CSE,5.0,58.7,52.55,0,7,No
2988,Male,21,CSE,5.84,54.35,49.37,2,5,Yes
2989,Female,25,CSE,6.34,70.65,77.81,2,2,Yes
2990,Male,25,ME,6.27,56.25,57.66,1,5,No
2991,Female,21,EE,6.04,74.4,79.71,3,2,Yes
2992,Male,21,ECE,6.39,70.48,76.43,1,0,Yes
2993,Male,25,ME,5.64,61.31,66.22,1,6,No
2994,Male,21,ME,8.77,83.51,85.24,0,5,Yes
2995,Female,20,ECE,7.08,68.53,69.48,0,5,Yes
2996,Male,20,CSE,9.14,91.27,94.62,0,3,Yes
2997,Female,21,CE,5.0,70.57,60.82,1,6,Yes
2998,Male,23,ECE,7.81,86.9,92.94,2,7,Yes
2999,Male,23,IT,5.46,52.96,53.42,2,3,No
3000,Female,23,CE,6.81,83.56,84.44,0,3,No
3001,Female,23,CSE,5.3,59.3,64.54,1,6,No
3002,Female,22,CSE,6.76,70.14,62.61,1,4,Yes
3003,Male,21,CSE,7.66,75.22,74.46,0,5,Yes
3004,Female,25,EE,7.22,86.26,93.01,0,3,Yes
3005,Male,24,ECE,6.05,68.63,62.6,2,6,Yes
3006,Female,22,CE,8.17,97.73,91.09,0,4,Yes
3007,Male,21,CE,5.0,51.7,54.11,2,3,No
3008,Male,20,IT,7.44,85.22,81.88,2,6,Yes
3009,Male,22,ME,6.93,69.67,72.49,4,5,Yes
3010,Female,22,CE,5.52,67.66,61.98,1,6,No
3011,Female,24,ME,6.22,68.73,73.25,3,1,Yes
3012,Male,20,ECE,9.54,94.5,94.81,3,6,Yes
3013,Male,22,CSE,6.61,69.56,62.13,1,3,Yes
3014,Male,20,ME,6.63,61.74,59.9,0,3,No
3015,Female,22,CSE,5.0,56.0,60.65,2,2,No
3016,Male,21,CE,7.45,90.01,85.43,1,5,Yes
3017,Female,21,EE,7.13,72.44,64.32,3,0,Yes
3018,Female,23,CE,7.56,90.28,96.84,0,3,Yes
3019,Male,24,IT,6.16,57.66,54.19,1,6,Yes
3020,Female,23,CSE,8.73,91.36,93.07,0,3,Yes
3021,Male,25,CE,7.38,83.16,85.61,1,5,Yes
3022,Female,23,ECE,6.5,78.29,75.5,0,3,No
3023,Female,25,ME,8.3,95.33,96.66,0,3,Yes
3024,Male,22,IT,6.02,75.44,83.15,3,3,Yes
3025,Female,20,IT,7.07,65.67,67.6,0,0,No
3026,Female,25,ME,7.37,87.69,81.61,2,5,Yes
3027,Male,20,CSE,5.07,59.71,60.91,0,5,No
3028,Female,24,EE,7.06,78.21,79.57,0,1,No
3029,Female,25,EE,7.34,94.57,87.24,2,5,Yes
3030,Female,24,ECE,5.9,58.54,53.71,2,6,Yes
3031,Male,22,CSE,5.41,61.11,58.79,4,3,Yes
3032,Male,23,CSE,6.06,59.18,60.11,0,4,No
3033,Female,23,CSE,5.0,50.69,45,1,6,No
3034,Female,24,EE,6.0,80.97,74.26,3,4,Yes
3035,Male,25,ME,6.38,76.17,70.82,0,3,No
3036,Male,21,CE,7.68,98.14,90.69,2,0,Yes
3037,Female,22,CE,7.24,66.96,74.79,1,5,Yes
3038,Female,21,CSE,8.31,96.96,94.25,2,4,Yes
3039,Male,25,CSE,6.77,69.09,74.09,2,6,Yes
3040,Female,20,ECE,5.78,63.31,65.62,0,2,No
3041,Male,24,CE,7.56,87.84,89.6,0,4,Yes
3042,Male,23,EE,6.28,74.93,70.09,1,5,Yes
3043,Male,22,ME,7.14,88.75,79.56,1,5,Yes
3044,Female,22,CSE,7.56,97.89,92.71,2,4,Yes
3045,Male,24,CE,5.26,54.47,57.45,0,3,No
3046,Male,21,CSE,7.09,89.37,93.97,0,8,Yes
3047,Male,25,ECE,5.0,56.66,58.57,0,2,No
3048,Female,24,IT,6.69,76.07,77.72,1,4,Yes
3049,Male,23,CE,6.88,61.33,65.69,0,3,No
3050,Female,23,CE,7.98,84.08,91.43,1,4,Yes
3051,Female,21,CE,8.28,83.56,89.76,1,1,Yes
3052,Female,22,IT,5.14,51.51,50.73,1,3,No
3053,Male,21,CSE,5.7,53.39,58.55,1,3,Yes
3054,Female,23,ME,5.0,63.92,54.04,0,7,No
3055,Male,24,EE,6.47,71.33,68.55,1,7,Yes
3056,Male,21,IT,5.02,67.03,69.46,3,0,No
3057,Male,25,CSE,5.13,59.76,60.36,1,3,No
3058,Male,20,CSE,6.51,81.11,82.81,2,2,Yes
3059,Female,24,ECE,5.0,50.39,47.01,1,3,No
3060,Male,21,CE,9.31,91.81,92.86,2,4,Yes
3061,Male,23,IT,5.22,63.8,65.63,4,5,Yes
3062,Female,22,ME,5.0,65.06,59.69,3,4,No
3063,Female,24,CSE,8.47,79.77,84.78,1,4,Yes
3064,Female,22,ME,6.06,62.93,62.39,2,4,No
3065,Male,22,ECE,5.74,56.29,59.3,0,4,No
3066,Female,24,ECE,7.43,95.75,87.55,4,8,Yes
3067,Male,20,EE,5.0,55.64,54.26,1,6,No
3068,Male,25,EE,6.86,70.23,66.29,0,5,No
3069,Male,22,CSE,7.23,71.21,66.69,0,4,Yes
3070,Female,21,CE,8.66,92.86,84.78,0,6,Yes
3071,Male,22,ECE,7.03,79.15,72.58,2,6,Yes
3072,Female,23,CE,5.0,53.87,54.2,0,5,No
3073,Male,25,IT,5.16,69.01,60.53,1,3,No
3074,Male,21,CSE,7.18,69.96,76.75,0,2,Yes
3075,Male,22,IT,6.32,82.15,72.49,1,4,Yes
3076,Female,25,IT,7.23,90.26,95.22,2,8,Yes
3077,Female,21,ECE,7.0,63.75,67.31,0,5,No
3078,Female,23,ECE,5.0,64.02,62.4,0,2,No
3079,Male,24,ME,7.69,90.9,97.95,2,4,Yes
3080,Male,21,ECE,7.25,66.5,72.2,0,2,Yes
3081,Male,21,CSE,5.0,50.8,46.74,0,2,No
3082,Male,21,CSE,6.63,72.95,64.17,2,3,Yes
3083,Female,20,ECE,6.82,70.92,74.89,1,5,Yes
3084,Female,21,CSE,6.79,68.14,59.15,0,2,No
3085,Female,23,CSE,5.4,51.42,46.3,2,0,No
3086,Male,24,ME,7.15,89.06,95.57,1,2,Yes
3087,Female,22,CSE,6.96,68.29,66.2,1,6,Yes
3088,Male,25,ME,5.58,54.98,61.49,2,3,No
3089,Male,24,CE,5.0,58.96,53.71,2,2,No
3090,Male,25,ECE,6.15,57.27,56.37,0,3,No
3091,Female,25,IT,6.73,69.32,68.93,3,5,Yes
3092,Male,21,EE,5.65,72.12,75.97,0,1,No
3093,Male,24,ECE,6.14,75.16,69.4,2,3,Yes
3094,Female,25,CE,9.27,97.82,89.15,3,3,Yes
3095,Female,21,ECE,6.37,67.27,67.85,1,3,Yes
3096,Female,20,ECE,5.0,58.46,51.02,1,2,No
3097,Male,21,CSE,7.02,92.0,84.69,0,4,Yes
3098,Male,25,IT,9.44,96.95,100,0,4,Yes
3099,Female,22,IT,8.12,92.98,97.98,2,3,Yes
3100,Female,20,CSE,5.19,51.02,45,2,3,No
3101,Male,24,ME,5.95,65.35,69.53,1,5,No
3102,Male,25,CSE,8.27,96.43,97.19,0,2,Yes
3103,Male,21,CSE,5.56,67.58,60.34,3,3,Yes
3104,Female,21,CSE,5.44,68.08,71.13,1,1,No
3105,Female,23,CSE,5.59,57.43,53.15,2,3,No
3106,Male,25,ME,7.33,81.64,74.74,1,5,Yes
3107,Male,20,IT,5.96,62.7,61.96,1,1,No
3108,Male,25,ECE,8.02,91.72,82.5,3,2,Yes
3109,Male,25,CSE,8.67,91.67,83.37,2,3,Yes
3110,Female,20,EE,7.23,76.38,82.04,1,8,Yes
3111,Male,24,CSE,5.0,66.01,66.02,1,3,No
3112,Female,20,CSE,6.23,69.03,69.29,3,3,Yes
3113,Male,22,ECE,8.58,88.02,95.3,1,6,Yes
3114,Female,20,ECE,7.8,85.49,79.41,0,1,Yes
3115,Female,21,CSE,5.0,58.97,54.47,1,4,No
3116,Female,20,IT,7.52,73.79,72.99,2,5,Yes
3117,Male,24,ECE,8.28,90.44,87.75,4,2,Yes
3118,Male,21,ECE,5.0,59.76,63.0,0,3,No
3119,Female,25,CSE,5.33,50.1,45,2,4,No
3120,Male,20,CSE,6.33,80.96,76.84,0,4,Yes
3121,Female,22,ECE,5.85,57.93,55.45,0,5,No
3122,Male,23,IT,7.16,84.18,77.13,1,2,Yes
3123,Female,21,CE,7.4,74.58,80.65,3,2,Yes
3124,Male,25,CSE,5.94,66.47,58.52,1,5,Yes
3125,Male,23,ECE,6.71,62.14,62.08,0,8,Yes
3126,Female,21,CSE,5.0,61.05,62.01,1,4,Yes
3127,Male,21,ECE,7.46,79.4,84.81,1,7,Yes
3128,Female,23,CE,6.85,73.63,70.57,1,4,Yes
3129,Female,20,EE,9.45,95.78,95.19,2,2,Yes
3130,Male,24,ECE,6.24,70.08,68.37,0,7,Yes
3131,Female,25,CSE,7.38,83.95,80.25,2,0,Yes
3132,Female,25,IT,6.21,68.06,75.22,1,2,Yes
3133,Female,20,CSE,6.29,71.96,67.5,1,7,Yes
3134,Male,22,EE,6.69,80.79,70.95,1,1,Yes
3135,Male,22,EE,5.0,56.99,58.1,4,3,Yes
3136,Female,23,ECE,7.21,77.56,77.52,1,4,Yes
3137,Male,24,ME,6.62,63.93,58.89,0,4,No
3138,Male,23,ECE,6.76,64.16,62.41,1,3,Yes
3139,Female,20,CE,5.0,64.36,64.88,1,0,No
3140,Female,24,ME,7.39,92.92,88.8,2,8,Yes
3141,Male,23,CSE,7.23,69.61,69.56,0,4,Yes
3142,Female,22,ECE,8.35,87.74,77.75,1,2,Yes
3143,Male,23,IT,8.38,89.93,89.85,2,2,Yes
3144,Female,24,IT,7.74,98.23,92.49,4,5,Yes
3145,Male,21,CSE,6.32,66.9,63.93,0,6,Yes
3146,Male,21,CSE,8.11,97.44,93.87,1,5,Yes
3147,Male,24,EE,8.12,93.96,89.26,0,5,Yes
3148,Female,25,CSE,6.81,73.13,70.59,0,1,Yes
3149,Male,25,CSE,5.34,61.32,67.86,4,1,Yes
3150,Male,23,CSE,6.87,66.8,64.39,1,6,Yes
3151,Female,23,CSE,8.56,88.13,80.23,2,3,Yes
3152,Male,23,ME,5.0,59.03,64.42,0,2,No
3153,Female,22,ECE,5.0,51.44,50.42,1,4,No
3154,Male,24,CSE,6.95,71.42,64.49,2,4,Yes
3155,Male,20,CE,5.23,64.09,67.21,0,6,No
3156,Male,25,CSE,5.0,56.26,49.59,3,7,Yes
3157,Male,25,CSE,8.55,97.53,96.43,1,4,Yes
3158,Female,24,IT,6.69,83.08,83.05,1,3,Yes
3159,Male,25,ME,5.0,54.97,47.05,1,4,No
3160,Male,20,ECE,7.39,81.2,77.74,1,3,Yes
3161,Male,22,EE,5.59,67.47,60.01,1,5,Yes
3162,Male,23,CSE,8.33,78.45,81.09,1,2,Yes
3163,Female,20,IT,5.97,73.93,73.55,0,2,No
3164,Female,25,CSE,8.35,90.45,89.83,0,7,Yes
3165,Male,21,ME,6.01,77.28,73.63,1,2,No
3166,Female,21,IT,5.0,53.07,46.34,1,3,No
3167,Female,25,CSE,7.19,89.8,93.92,1,6,Yes
3168,Female,21,IT,8.85,92.6,91.54,1,3,Yes
3169,Female,24,CE,9.34,98.36,92.4,0,4,Yes
3170,Male,23,CSE,8.3,94.4,85.35,1,0,Yes
3171,Male,24,ECE,6.71,73.5,73.89,0,7,Yes
3172,Male,25,CSE,6.71,79.13,81.07,1,4,Yes
3173,Female,24,ME,6.93,64.58,68.1,2,5,Yes
3174,Male,24,CE,6.29,68.18,72.13,2,4,Yes
3175,Male,24,ME,6.95,91.29,82.21,1,4,Yes
3176,Female,25,ME,7.93,91.09,95.85,1,4,Yes
3177,Male,20,ECE,8.81,95.39,98.9,3,2,Yes
3178,Male,22,ME,6.26,60.1,59.03,1,3,No
3179,Male,25,CSE,5.0,51.45,50.96,1,4,No
3180,Female,24,CE,6.11,74.09,73.79,3,4,Yes
3181,Male,24,EE,8.73,92.46,97.65,2,6,Yes
3182,Female,22,IT,6.68,77.45,75.1,0,6,Yes
3183,Female,25,IT,7.5,74.73,78.25,1,5,Yes
3184,Female,21,CSE,5.49,69.33,72.76,1,5,No
3185,Male,24,CSE,6.09,78.1,76.64,3,3,Yes
3186,Male,24,CSE,7.78,76.02,80.89,3,5,Yes
3187,Male,21,IT,6.34,85.02,78.74,1,5,Yes
3188,Male,23,ME,5.0,56.85,54.77,1,5,No
3189,Male,22,CSE,7.65,80.32,83.0,1,8,Yes
3190,Female,23,CSE,7.47,81.01,76.26,0,3,Yes
3191,Male,24,ECE,6.06,59.11,55.35,0,2,No
3192,Female,20,EE,8.42,91.08,97.48,0,0,Yes
3193,Female,25,IT,5.0,50.23,56.68,1,3,No
3194,Male,25,EE,5.41,53.75,59.83,2,7,No
3195,Female,22,ECE,8.19,90.09,96.63,1,8,Yes
3196,Male,25,ECE,5.0,50.06,48.89,1,3,No
3197,Male,24,ME,5.0,62.9,57.56,0,5,No
3198,Male,21,CE,5.96,78.19,78.54,1,2,Yes
3199,Female,24,EE,6.32,83.91,73.97,1,5,Yes
3200,Female,23,ME,8.14,92.69,96.27,3,2,Yes
3201,Male,25,CE,5.0,56.65,55.49,3,0,No
3202,Female,24,CE,8.96,88.65,92.29,2,5,Yes
3203,Male,22,CE,8.23,78.94,82.62,1,2,Yes
3204,Female,22,CE,5.0,60.9,55.11,2,3,No
3205,Male,25,CSE,5.91,50.61,57.05,1,4,No
3206,Male,20,CSE,5.0,56.26,48.66,0,0,No
3207,Female,21,ME,5.0,61.4,52.93,2,3,No
3208,Male,22,CSE,5.31,52.77,55.19,2,2,No
3209,Male,22,CE,5.0,61.77,61.69,2,5,No
3210,Female,21,CSE,5.0,63.58,70.72,2,4,No
3211,Male,22,ME,5.97,78.14,71.82,0,3,No
3212,Male,22,CSE,8.7,90.79,93.28,0,1,Yes
3213,Female,20,CSE,6.54,68.75,66.52,0,3,No
3214,Male,25,EE,5.72,52.75,59.49,0,3,No
3215,Male,23,EE,5.0,53.43,49.92,1,0,No
3216,Male,22,CSE,5.0,54.69,49.07,2,7,No
3217,Male,24,ECE,5.89,59.29,63.31,0,1,No
3218,Female,24,CSE,7.39,74.96,80.88,1,2,Yes
3219,Female,22,ME,7.19,84.79,79.82,0,3,Yes
3220,Male,20,ECE,5.0,50.31,45,0,8,No
3221,Female,22,ME,7.93,95.6,87.97,0,3,Yes
3222,Male,24,CSE,6.18,54.03,61.21,2,0,No
3223,Female,23,ME,6.57,73.25,66.5,0,2,No
3224,Male,20,CSE,5.32,56.4,53.76,2,3,No
3225,Female,25,CSE,8.5,96.45,100,1,1,Yes
3226,Male,24,EE,6.41,65.66,72.4,2,2,Yes
3227,Female,25,IT,6.95,79.73,79.38,1,3,Yes
3228,Female,25,IT,5.0,60.48,57.31,0,4,No
3229,Male,24,ME,7.66,71.48,73.31,4,1,Yes
3230,Male,24,CSE,5.78,71.42,62.21,2,5,Yes
3231,Female,21,IT,9.6,97.14,98.4,2,8,Yes
3232,Male,23,CSE,7.43,96.28,86.98,0,7,Yes
3233,Male,21,CSE,9.15,91.93,84.96,0,5,Yes
3234,Female,20,IT,6.84,66.11,71.93,0,0,No
3235,Male,22,ME,9.03,98.71,96.87,2,0,Yes
3236,Female,24,CE,5.4,55.94,48.08,0,7,No
3237,Male,25,EE,7.77,90.2,82.7,3,5,Yes
3238,Male,24,EE,7.55,86.26,87.38,1,5,Yes
3239,Female,20,CE,8.27,92.46,92.32,1,2,Yes
3240,Female,24,ECE,6.35,83.53,78.01,0,6,Yes
3241,Male,20,ECE,5.0,54.17,45.83,2,5,No
3242,Male,24,CE,5.45,65.14,72.65,1,6,No
3243,Male,22,ME,5.48,63.61,61.01,1,4,No
3244,Male,25,CSE,6.71,69.82,67.77,0,4,Yes
3245,Female,20,ME,6.62,84.61,84.31,1,7,Yes
3246,Male,24,CE,6.43,64.16,54.18,1,0,No
3247,Female,23,CSE,5.0,65.91,58.36,3,4,No
3248,Male,21,IT,5.07,72.27,62.42,2,8,Yes
3249,Male,25,IT,8.08,76.9,79.26,2,5,Yes
3250,Male,20,IT,9.11,92.45,89.61,0,4,Yes
3251,Male,23,CSE,5.0,54.18,54.29,1,0,No
3252,Female,21,CSE,9.67,94.3,94.52,2,1,Yes
3253,Male,22,CE,7.78,85.05,75.26,1,3,Yes
3254,Female,25,CE,8.17,86.94,82.56,4,3,Yes
3255,Male,23,IT,5.25,60.72,62.13,4,1,No
3256,Male,22,ECE,7.13,86.43,87.7,2,3,Yes
3257,Male,24,CE,5.31,54.07,62.06,0,3,No
3258,Female,23,EE,5.0,58.98,57.14,1,3,No
3259,Female,25,ME,8.31,96.68,100,0,7,Yes
3260,Female,23,ME,6.14,71.66,77.07,2,3,Yes
3261,Female,24,CSE,5.0,60.18,50.45,3,5,No
3262,Female,22,CE,5.0,56.15,51.79,0,1,No
3263,Female,23,ECE,7.96,96.43,89.14,2,6,Yes
3264,Female,21,IT,7.85,78.17,71.27,2,2,Yes
3265,Female,20,CSE,6.85,84.8,83.68,1,4,Yes
3266,Male,25,IT,5.88,65.03,61.1,1,6,Yes
3267,Male,20,ECE,6.01,63.58,68.0,4,3,Yes
3268,Male,20,ME,7.76,98.66,91.93,3,3,Yes
3269,Male,25,CSE,7.72,92.3,84.43,1,5,Yes
3270,Male,21,ECE,5.98,54.92,58.06,1,8,No
3271,Male,25,CSE,7.34,79.14,79.05,2,7,Yes
3272,Female,20,CE,5.66,60.28,66.82,0,1,No
3273,Female,24,ME,6.77,87.33,87.32,2,6,Yes
3274,Female,21,ME,9.03,96.06,98.37,2,1,Yes
3275,Male,25,IT,8.8,97.93,96.33,3,7,Yes
3276,Male,23,IT,5.0,66.55,59.53,1,2,No
3277,Female,23,ECE,5.0,50.17,45,2,5,No
3278,Female,20,IT,7.57,77.07,76.29,1,6,Yes
3279,Male,24,ME,6.85,78.82,86.6,1,1,Yes
3280,Male,21,CSE,7.43,93.04,93.11,3,2,Yes
3281,Male,25,EE,6.83,67.95,64.28,1,0,No
3282,Female,22,CSE,7.36,87.63,81.47,0,8,Yes
3283,Female,23,ECE,8.7,87.41,87.34,1,4,Yes
3284,Female,25,EE,5.0,53.25,54.41,1,8,Yes
3285,Female,21,CSE,5.0,52.69,45,1,1,No
3286,Male,20,CSE,7.54,67.83,75.46,2,5,Yes
3287,Male,21,EE,8.49,84.05,85.21,1,2,Yes
3288,Male,21,CSE,5.29,64.77,56.7,2,1,No
3289,Female,20,CSE,5.68,68.05,59.33,1,5,Yes
3290,Male,22,IT,8.62,88.92,83.08,2,3,Yes
3291,Male,20,IT,7.84,90.19,96.04,1,2,Yes
3292,Male,24,ME,7.86,91.92,84.12,1,3,Yes
3293,Female,21,ECE,5.0,53.74,51.82,2,1,No
3294,Female,23,ECE,5.47,66.73,61.4,3,0,Yes
3295,Female,21,CSE,6.55,68.78,61.54,1,5,Yes
3296,Female,23,ME,5.1,72.96,63.62,0,3,No
3297,Male,20,IT,8.17,89.47,93.05,4,5,Yes
3298,Female,21,CSE,6.32,65.58,73.2,2,6,Yes
3299,Male,22,ECE,5.09,65.89,64.15,0,4,No
3300,Female,23,EE,5.83,69.74,62.4,1,6,Yes
3301,Male,23,CSE,5.0,50.5,52.25,0,3,No
3302,Female,21,CE,6.42,60.2,60.07,1,5,No
3303,Male,24,ECE,5.58,74.69,73.24,3,5,Yes
3304,Male,24,CE,5.78,78.97,73.18,1,3,No
3305,Male,20,EE,7.85,96.24,97.11,0,3,Yes
3306,Female,24,ME,5.0,71.02,65.65,0,4,No
3307,Male,25,ECE,7.56,79.17,77.51,1,2,Yes
3308,Female,20,CSE,8.53,88.28,82.95,1,6,Yes
3309,Male,25,CSE,5.52,52.92,46.09,0,1,No
3310,Female,22,EE,7.83,74.01,74.93,0,2,Yes
3311,Male,24,IT,5.77,64.16,69.23,1,0,No
3312,Male,23,CE,5.29,50.39,50.91,0,6,No
3313,Female,24,ME,5.86,50.68,58.62,0,3,No
3314,Male,23,ECE,9.16,92.55,90.66,2,7,Yes
3315,Male,21,ECE,8.65,88.15,94.14,3,2,Yes
3316,Male,23,CSE,7.74,94.92,91.7,0,5,Yes
3317,Male,23,ECE,5.66,61.84,61.83,4,0,Yes
3318,Female,22,CSE,8.7,93.17,94.25,4,3,Yes
3319,Male,24,CSE,6.83,72.64,65.48,0,6,Yes
3320,Female,23,CSE,7.82,81.96,77.33,2,1,Yes
3321,Female,23,IT,6.52,66.23,59.32,1,3,Yes
3322,Female,22,EE,7.0,80.7,77.43,0,6,Yes
3323,Female,23,ME,9.77,98.69,100,0,0,Yes
3324,Female,20,ECE,6.82,91.28,84.37,0,1,Yes
3325,Female,22,CE,5.0,61.67,52.26,1,0,No
3326,Female,22,CE,6.38,62.12,55.24,0,1,No
3327,Male,25,ME,5.43,66.86,74.38,3,2,Yes
3328,Male,25,EE,5.08,51.64,57.04,2,5,No
3329,Female,24,CSE,6.82,88.01,81.48,2,3,Yes
3330,Male,20,ME,5.2,51.31,51.47,4,2,No
3331,Female,22,ME,5.0,54.43,60.26,2,5,No
3332,Female,24,ECE,5.0,56.56,47.58,4,3,No
3333,Male,24,IT,5.21,57.84,64.16,1,6,Yes
3334,Female,23,IT,7.59,98.31,90.07,1,1,Yes
3335,Male,21,EE,6.04,56.28,53.9,1,2,No
3336,Female,23,CSE,5.72,55.04,61.34,3,3,Yes
3337,Female,20,CSE,8.11,79.06,80.94,3,3,Yes
3338,Male,21,EE,5.75,53.08,55.52,1,3,No
3339,Female,21,CSE,7.51,81.35,76.74,0,6,Yes
3340,Female,25,CSE,6.59,72.84,80.37,2,6,Yes
3341,Male,24,CSE,8.59,90.11,91.42,2,4,Yes
3342,Male,20,IT,6.68,76.59,75.46,2,6,Yes
3343,Male,21,ME,7.28,78.86,86.61,0,6,Yes
3344,Male,23,EE,7.22,82.61,89.89,3,3,Yes
3345,Female,25,ECE,5.0,59.41,62.71,2,5,Yes
3346,Male,23,ME,5.0,50.88,50.02,0,4,No
3347,Male,21,ME,6.82,81.24,76.98,2,3,Yes
3348,Male,22,CSE,5.22,55.21,48.51,2,4,No
3349,Female,22,ECE,7.26,77.07,70.47,3,4,Yes
3350,Female,21,CSE,5.66,63.4,58.57,1,5,Yes
3351,Female,23,CSE,6.93,83.99,74.71,0,6,Yes
3352,Female,20,CE,5.0,67.7,61.2,2,4,No
3353,Male,20,CSE,7.26,87.25,87.6,2,4,Yes
3354,Male,23,CSE,9.26,96.53,90.53,2,3,Yes
3355,Male,23,ECE,5.0,51.83,49.03,3,5,Yes
3356,Male,23,ME,6.01,69.16,63.09,3,0,Yes
3357,Male,21,CSE,6.1,70.76,68.76,0,2,No
3358,Female,21,ME,5.78,55.62,57.19,1,5,Yes
3359,Male,21,EE,6.75,69.07,64.04,0,5,Yes
3360,Male,25,CE,6.55,75.64,74.22,3,0,Yes
3361,Male,22,ECE,6.4,58.82,66.36,3,5,Yes
3362,Female,20,ECE,7.61,71.63,79.59,1,4,Yes
3363,Male,21,CSE,5.12,58.27,58.36,1,2,No
3364,Male,22,IT,8.14,88.26,92.59,1,2,Yes
3365,Female,21,IT,6.37,64.38,64.03,1,5,Yes
3366,Female,22,EE,5.79,58.47,57.75,1,4,Yes
3367,Male,22,CSE,7.96,92.85,94.11,2,2,Yes
3368,Female,21,IT,7.38,78.91,69.2,1,2,Yes
3369,Male,23,CSE,6.52,73.95,75.61,0,2,Yes
3370,Female,22,CSE,6.09,72.39,69.52,1,3,Yes
3371,Female,23,CSE,6.69,70.29,68.7,1,2,Yes
3372,Female,20,IT,5.97,64.55,67.04,2,5,Yes
3373,Female,21,ECE,9.09,95.3,88.3,0,4,Yes
3374,Female,25,ME,7.69,77.54,67.91,1,5,Yes
3375,Male,20,CSE,5.18,62.15,56.96,1,2,No
3376,Female,25,CSE,8.74,90.05,88.53,3,4,Yes
3377,Female,23,IT,8.91,92.02,98.42,2,4,Yes
3378,Male,25,ECE,5.5,66.13,65.17,1,6,No
3379,Female,24,IT,6.52,64.93,69.57,2,6,Yes
3380,Male,23,CSE,8.75,91.35,95.73,2,6,Yes
3381,Female,21,ME,7.52,84.03,75.09,1,5,Yes
3382,Male,23,EE,5.63,71.7,69.03,2,5,Yes
3383,Male,25,CE,5.05,50.73,45,1,5,No
3384,Female,25,CE,8.38,90.0,96.75,1,3,Yes
3385,Female,21,ME,5.72,61.44,53.07,3,4,Yes
3386,Male,22,CSE,6.06,78.78,71.62,2,4,Yes
3387,Male,20,EE,5.81,61.63,57.51,2,5,No
3388,Male,24,EE,5.63,70.51,60.99,0,4,No
3389,Male,20,IT,9.97,98.82,98.37,1,4,Yes
3390,Female,25,ME,8.87,89.77,92.32,2,6,Yes
3391,Female,20,IT,6.74,74.6,81.29,1,4,Yes
3392,Female,22,CE,7.7,75.86,81.41,3,1,Yes
3393,Male,24,CE,8.05,82.25,88.47,0,0,Yes
3394,Female,20,ECE,8.61,95.91,100,1,3,Yes
3395,Male,25,ECE,8.17,75.36,81.53,0,2,Yes
3396,Male,23,ECE,8.35,81.91,85.78,2,3,Yes
3397,Female,20,ECE,7.98,75.3,77.18,4,2,Yes
3398,Female,20,CSE,6.99,76.45,74.06,0,4,Yes
3399,Female,21,ME,6.09,69.9,62.28,1,6,No
3400,Male,20,EE,8.21,89.42,97.32,2,6,Yes
3401,Male,24,IT,7.04,81.9,83.45,1,6,Yes
3402,Male,21,CSE,9.03,86.57,91.16,0,2,Yes
3403,Male,24,CSE,6.29,54.41,61.08,1,2,No
3404,Female,24,ECE,7.37,90.32,97.0,2,4,Yes
3405,Male,22,CSE,7.08,65.59,70.79,1,3,Yes
3406,Female,22,ECE,5.0,53.88,53.47,1,7,No
3407,Female,23,ME,5.98,63.33,69.12,0,3,No
3408,Male,23,CSE,6.2,68.1,75.0,0,2,No
3409,Male,23,IT,7.85,72.72,76.68,1,4,Yes
3410,Female,24,ME,9.28,97.42,100,0,5,Yes
3411,Male,24,IT,5.4,58.12,55.51,0,3,No
3412,Male,24,ECE,5.26,58.67,64.74,4,6,Yes
3413,Female,21,ECE,8.5,86.12,90.36,0,3,Yes
3414,Male,23,ECE,6.76,72.74,71.66,1,5,Yes
3415,Male,22,ECE,5.77,52.39,59.45,3,5,No
3416,Male,24,ME,8.01,97.83,98.62,0,0,Yes
3417,Male,22,CSE,9.94,97.97,100,0,4,Yes
3418,Male,22,ME,8.55,82.41,87.76,2,4,Yes
3419,Male,21,ECE,7.81,78.17,73.96,2,3,Yes
3420,Female,23,EE,7.22,90.81,87.72,2,7,Yes
3421,Female,22,EE,7.35,84.76,77.48,0,6,Yes
3422,Female,23,IT,9.35,96.18,88.02,1,4,Yes
3423,Female,24,CE,9.57,97.97,88.58,1,4,Yes
3424,Male,25,IT,7.1,80.77,70.82,1,7,Yes
3425,Male,23,CSE,8.5,87.46,93.94,2,6,Yes
3426,Male,22,ECE,5.0,55.91,48.85,0,2,No
3427,Male,23,CSE,5.0,52.54,51.36,0,3,No
3428,Male,23,CSE,8.24,78.2,80.14,0,3,Yes
3429,Female,24,EE,6.34,78.95,78.23,1,2,Yes
3430,Female,22,CSE,5.27,71.98,71.88,1,3,No
3431,Female,23,ME,6.68,87.95,83.62,4,0,Yes
3432,Male,20,ME,7.68,79.81,83.97,4,5,Yes
3433,Female,20,ECE,6.51,61.71,63.54,1,1,No
3434,Male,22,CSE,7.74,89.88,89.93,0,3,Yes
3435,Female,20,IT,8.47,90.92,85.61,2,4,Yes
3436,Female,23,CSE,5.52,74.1,72.61,0,2,No
3437,Male,22,IT,7.03,65.28,64.99,4,2,Yes
3438,Female,21,CSE,6.92,89.41,79.84,1,5,Yes
3439,Female,20,CSE,6.49,68.22,72.99,2,2,Yes
3440,Female,25,ECE,6.13,76.48,69.21,2,3,Yes
3441,Male,25,ECE,7.93,79.42,85.03,1,3,Yes
3442,Female,24,CE,6.07,64.7,70.0,1,1,No
3443,Male,20,ECE,9.94,97.28,97.33,0,2,Yes
3444,Female,24,EE,5.91,54.54,59.64,2,8,Yes
3445,Male,21,EE,8.43,94.61,99.2,0,4,Yes
3446,Female,22,CSE,5.05,69.57,62.93,1,3,No
3447,Male,25,EE,5.0,57.79,48.12,3,4,No
3448,Female,22,EE,7.05,64.52,67.6,0,4,Yes
3449,Female,25,CE,5.0,53.92,57.43,2,6,No
3450,Female,24,CSE,8.04,92.94,91.69,1,6,Yes
3451,Male,24,IT,5.0,50.14,45,2,1,No
3452,Male,22,ECE,6.18,77.22,75.29,1,3,Yes
3453,Female,23,CSE,6.78,69.42,63.72,1,1,Yes
3454,Female,25,EE,5.34,63.03,53.17,0,6,No
3455,Female,21,CSE,6.98,86.3,87.8,0,4,Yes
3456,Female,23,ME,6.8,77.85,80.38,3,4,Yes
3457,Female,20,CSE,6.68,85.11,82.86,4,3,Yes
3458,Male,22,EE,5.72,62.63,57.55,4,0,No
3459,Female,24,IT,5.61,63.98,59.91,0,0,No
3460,Female,24,IT,6.73,80.83,80.36,2,2,Yes
3461,Female,21,ME,6.4,79.26,81.6,1,3,Yes
3462,Male,20,CSE,7.52,89.77,81.62,0,4,Yes
3463,Male,23,ME,6.08,57.56,55.15,0,2,No
3464,Male,24,IT,5.57,53.48,60.67,0,2,No
3465,Female,23,ECE,5.0,54.6,52.22,1,1,No
3466,Male,20,CSE,7.07,78.95,74.49,0,3,Yes
3467,Female,21,CSE,9.36,89.77,92.27,1,1,Yes
3468,Male,25,CSE,7.49,81.51,80.95,1,7,Yes
3469,Female,23,ECE,5.35,71.05,68.04,0,6,No
3470,Male,25,EE,5.34,72.54,72.38,2,0,No
3471,Male,25,EE,7.45,91.53,95.95,1,6,Yes
3472,Male,21,CSE,6.44,79.57,77.35,0,5,Yes
3473,Female,23,CSE,8.43,83.45,77.24,1,2,Yes
3474,Female,21,IT,9.12,87.39,92.07,3,3,Yes
3475,Female,21,CSE,7.02,71.53,78.06,2,2,Yes
3476,Male,21,CSE,5.43,61.68,54.96,1,8,No
3477,Female,21,ME,5.0,58.58,53.6,4,3,No
3478,Female,21,CE,5.0,50.45,52.56,1,1,No
3479,Female,21,CE,5.0,52.82,59.49,1,4,No
3480,Female,21,CSE,5.43,50.19,55.17,4,2,No
3481,Female,23,CE,6.48,85.51,78.22,1,3,Yes
3482,Male,25,ECE,8.63,97.04,100,1,3,Yes
3483,Male,21,ECE,5.0,52.57,49.38,2,2,No
3484,Male,25,IT,7.23,85.67,76.35,2,5,Yes
3485,Male,20,EE,8.88,92.56,91.08,1,3,Yes
3486,Male,20,ME,6.9,71.06,63.94,0,3,Yes
3487,Female,22,EE,9.23,88.9,95.89,2,7,Yes
3488,Male,23,CSE,6.5,79.16,80.78,1,2,Yes
3489,Female,25,ECE,6.49,78.14,77.89,4,5,Yes
3490,Female,24,IT,6.71,78.87,80.03,1,6,Yes
3491,Female,21,CSE,6.11,70.43,76.13,0,5,Yes
3492,Male,23,CSE,5.28,54.94,57.87,3,4,Yes
3493,Female,20,IT,5.42,64.13,70.92,0,5,No
3494,Male,25,EE,9.22,95.04,87.98,2,8,Yes
3495,Male,23,IT,7.64,90.51,97.23,1,3,Yes
3496,Male,24,ME,6.22,75.79,82.15,1,4,Yes
3497,Male,25,ECE,7.9,91.54,82.75,1,1,Yes
3498,Female,22,ECE,6.52,68.13,63.64,1,4,Yes
3499,Male,20,ME,5.69,65.9,63.61,1,5,No
3500,Female,24,CSE,5.57,50.18,51.36,0,3,No
3501,Female,20,ECE,5.0,56.89,48.4,0,3,No
3502,Male,23,EE,6.07,69.91,64.91,3,7,Yes
3503,Female,22,CE,5.62,67.25,75.09,1,2,No
3504,Male,23,IT,7.93,88.56,86.03,0,5,Yes
3505,Male,22,CSE,5.0,55.22,48.37,1,1,No
3506,Female,22,CSE,7.54,89.28,94.28,1,4,Yes
3507,Male,21,ME,8.92,90.21,95.82,1,7,Yes
3508,Male,24,IT,7.61,95.89,88.66,2,1,Yes
3509,Female,25,CSE,6.05,79.96,79.58,2,6,Yes
3510,Male,25,ECE,5.93,78.61,76.41,2,4,Yes
3511,Female,24,ME,6.04,56.61,51.52,1,1,No
3512,Female,24,CSE,5.0,65.57,56.33,2,3,No
3513,Male,24,CE,5.0,50.69,46.48,4,4,Yes
3514,Female,24,ME,7.82,87.3,78.11,1,2,Yes
3515,Male,25,ME,9.6,91.97,96.4,1,4,Yes
3516,Male,24,IT,7.03,91.24,81.56,1,0,Yes
3517,Female,25,ECE,5.33,64.0,61.86,1,7,Yes
3518,Male,23,ME,9.47,98.68,100,0,4,Yes
3519,Male,24,IT,8.06,81.43,87.16,2,2,Yes
3520,Male,25,ME,5.0,58.25,64.3,2,5,No
3521,Female,22,CSE,7.32,70.58,69.23,0,6,Yes
3522,Female,23,IT,9.06,91.33,85.18,3,1,Yes
3523,Female,20,ECE,5.65,74.53,69.84,1,3,No
3524,Male,24,ECE,9.52,90.96,97.76,0,3,Yes
3525,Female,20,ECE,7.89,74.63,75.06,3,2,Yes
3526,Female,20,EE,7.91,89.03,96.64,1,5,Yes
3527,Female,20,EE,8.3,77.06,81.64,1,5,Yes
3528,Female,23,ECE,5.0,65.38,66.06,2,6,Yes
3529,Female,23,ME,6.34,72.68,63.87,1,4,Yes
3530,Male,24,CE,7.12,87.34,88.63,2,2,Yes
3531,Male,23,CSE,5.0,51.12,45,1,1,No
3532,Male,20,CSE,9.06,95.85,100,2,3,Yes
3533,Female,24,CSE,8.76,95.49,97.14,2,6,Yes
3534,Male,21,ME,5.0,51.3,56.2,1,5,No
3535,Female,20,CSE,7.48,78.72,72.67,1,1,Yes
3536,Female,21,CSE,8.54,84.62,86.55,2,4,Yes
3537,Male,25,IT,6.2,70.62,66.52,1,4,Yes
3538,Male,21,IT,7.07,83.84,74.08,0,1,Yes
3539,Female,21,CSE,6.45,66.13,67.51,2,3,Yes
3540,Male,25,CSE,7.55,73.44,74.3,0,2,Yes
3541,Male,22,IT,7.6,74.95,68.72,1,3,Yes
3542,Male,25,CSE,5.26,57.47,51.55,1,0,No
3543,Female,20,IT,8.68,86.75,91.49,2,5,Yes
3544,Male,23,EE,6.27,76.35,82.08,2,3,Yes
3545,Male,23,ECE,6.18,62.91,70.48,1,6,Yes
3546,Female,23,EE,5.03,70.94,66.31,1,7,Yes
3547,Male,23,ECE,5.26,60.21,52.35,1,3,No
3548,Female,25,EE,7.18,82.46,76.66,4,5,Yes
3549,Male,24,ME,6.3,66.24,62.87,1,2,Yes
3550,Male,22,CSE,7.38,91.87,95.12,1,5,Yes
3551,Female,23,CSE,5.78,72.86,66.59,1,3,No
3552,Male,20,IT,6.61,80.98,77.4,0,4,Yes
3553,Female,24,CSE,5.0,53.12,45,0,2,No
3554,Male,24,ECE,8.6,81.63,88.6,0,5,Yes
3555,Male,23,IT,7.96,93.58,96.27,1,5,Yes
3556,Male,25,CE,6.34,78.98,81.92,1,4,Yes
3557,Female,20,ME,6.25,70.81,76.16,3,0,Yes
3558,Female,25,ME,5.08,55.71,61.74,1,1,No
3559,Female,23,ECE,5.0,53.82,46.33,1,2,No
3560,Female,20,CSE,8.33,91.6,83.9,4,2,Yes
3561,Male,21,EE,9.72,97.63,97.6,1,4,Yes
3562,Male,23,EE,5.47,66.04,67.48,1,2,No
3563,Male,21,ME,6.81,67.17,65.41,3,3,Yes
3564,Female,23,ME,5.0,55.39,52.3,0,2,No
3565,Female,22,ME,7.93,81.5,87.59,1,5,Yes
3566,Male,23,IT,8.11,93.16,97.77,0,2,Yes
3567,Female,24,IT,8.5,97.67,100,0,5,Yes
3568,Female,22,ME,8.46,95.34,89.94,1,2,Yes
3569,Male,20,IT,7.11,87.0,94.22,3,2,Yes
3570,Female,22,EE,5.17,64.33,69.26,0,2,No
3571,Male,24,ECE,6.98,90.37,84.22,2,2,Yes
3572,Male,23,ECE,5.31,71.34,63.05,2,5,Yes
3573,Male,25,EE,5.91,73.54,67.92,1,3,Yes
3574,Male,23,ECE,7.45,70.22,71.58,0,5,Yes
3575,Male,20,EE,6.08,69.86,69.3,0,5,Yes
3576,Male,24,EE,5.53,50.11,55.66,2,2,No
3577,Male,22,CSE,6.22,86.41,76.63,0,1,Yes
3578,Male,22,CE,7.84,83.88,79.91,2,6,Yes
3579,Male,20,CSE,7.33,88.62,79.11,0,3,Yes
3580,Female,24,CSE,5.0,54.68,60.16,0,6,No
3581,Male,21,CSE,5.33,51.54,47.29,1,2,No
3582,Male,21,EE,5.28,54.68,56.62,0,1,No
3583,Male,22,CSE,7.09,78.22,71.68,1,4,Yes
3584,Male,21,CSE,8.29,85.91,80.48,1,2,Yes
3585,Male,24,IT,7.56,87.85,83.21,2,2,Yes
3586,Male,21,CSE,8.13,86.53,89.66,1,3,Yes
3587,Female,25,CE,8.07,90.23,85.21,2,3,Yes
3588,Female,22,IT,6.96,87.95,83.97,1,7,Yes
3589,Male,20,CSE,6.91,87.44,84.46,2,6,Yes
3590,Female,23,IT,6.08,55.16,53.67,0,3,No
3591,Male,22,ME,9.26,88.1,95.18,1,5,Yes
3592,Male,24,ECE,6.95,83.78,90.45,2,5,Yes
3593,Male,21,CSE,6.29,59.92,66.31,1,7,Yes
3594,Male,23,CSE,8.05,81.41,86.95,1,2,Yes
3595,Female,22,CSE,8.54,96.07,91.23,1,3,Yes
3596,Male,20,IT,6.59,76.38,71.71,2,4,Yes
3597,Female,25,CSE,5.59,54.71,60.2,1,1,No
3598,Male,21,EE,5.0,54.33,48.74,0,1,No
3599,Female,20,CE,6.51,63.42,64.46,4,6,Yes
3600,Female,23,ME,7.83,78.12,70.24,4,3,Yes
3601,Female,23,IT,5.0,65.84,60.84,1,6,No
3602,Female,22,IT,5.84,69.87,76.38,0,1,Yes
3603,Female,24,EE,6.32,64.73,58.6,1,6,No
3604,Female,21,EE,6.96,84.42,81.32,1,4,Yes
3605,Female,23,EE,5.98,76.98,70.91,0,1,No
3606,Male,24,CSE,6.56,69.67,72.6,1,4,Yes
3607,Male,21,CSE,9.51,97.63,91.51,1,3,Yes
3608,Female,22,ECE,5.0,54.92,45.74,2,2,No
3609,Female,23,ECE,5.0,60.61,51.94,1,1,No
3610,Male,25,EE,5.9,82.48,73.97,2,4,Yes
3611,Female,20,CSE,8.09,77.53,83.4,3,3,Yes
3612,Male,20,ME,6.05,79.51,73.95,4,5,Yes
3613,Female,22,IT,5.0,62.8,55.61,1,1,No
3614,Male,25,CSE,7.53,91.03,97.74,3,3,Yes
3615,Female,20,ME,7.67,93.3,97.53,3,5,Yes
3616,Female,20,CE,6.65,64.87,63.22,0,7,Yes
3617,Female,22,CSE,5.91,56.49,56.1,1,1,No
3618,Female,24,CSE,6.35,71.37,76.65,1,6,Yes
3619,Male,24,ME,5.14,53.9,60.42,2,1,No
3620,Male,24,CE,5.0,58.3,59.85,1,0,No
3621,Male,22,CSE,5.0,52.52,53.26,2,3,No
3622,Male,22,IT,8.97,98.92,92.08,2,6,Yes
3623,Female,22,ECE,8.29,89.63,96.45,1,5,Yes
3624,Male,22,IT,8.28,79.62,78.74,1,8,Yes
3625,Male,25,EE,6.97,66.7,64.83,3,2,Yes
3626,Male,21,ME,5.0,59.03,60.52,0,3,No
3627,Male,22,CSE,5.0,68.76,58.9,0,2,No
3628,Female,20,ME,5.0,50.25,54.98,4,3,No
3629,Male,25,ECE,6.38,88.12,79.97,4,8,Yes
3630,Male,20,EE,7.97,98.43,100,0,1,Yes
3631,Male,24,EE,5.67,55.96,61.62,0,1,No
3632,Male,21,IT,7.68,76.27,74.75,1,3,Yes
3633,Female,20,CSE,5.18,54.52,57.59,1,5,No
3634,Female,20,EE,7.33,95.86,92.11,3,5,Yes
3635,Female,23,CE,5.52,58.07,59.65,3,0,Yes
3636,Male,25,EE,7.89,82.58,89.8,0,5,Yes
3637,Male,24,CSE,5.0,53.57,59.68,1,6,Yes
3638,Male,20,EE,8.63,92.71,84.98,2,1,Yes
3639,Male,24,IT,6.96,72.25,75.44,1,2,Yes
3640,Female,24,CSE,6.36,68.89,72.5,3,4,Yes
3641,Female,21,ECE,5.87,78.67,70.75,0,4,Yes
3642,Female,22,CE,8.47,94.29,99.09,1,3,Yes
3643,Male,22,CE,7.52,88.43,89.09,2,4,Yes
3644,Female,25,CSE,6.84,70.54,77.91,0,2,Yes
3645,Male,24,IT,6.04,68.49,71.59,1,2,Yes
3646,Male,23,CE,5.0,54.07,49.8,0,2,No
3647,Male,24,CE,5.0,52.87,49.31,1,2,No
3648,Female,21,EE,7.56,91.6,86.92,2,3,Yes
3649,Male,20,ECE,6.36,83.09,77.42,1,2,Yes
3650,Female,22,CSE,7.96,84.76,80.3,1,7,Yes
3651,Male,24,IT,6.96,72.47,77.7,0,2,Yes
3652,Female,20,CSE,5.0,58.06,56.2,2,2,No
3653,Female,25,ECE,7.22,67.58,74.34,1,4,Yes
3654,Male,21,CSE,5.06,50.99,55.9,1,6,No
3655,Female,23,CSE,7.2,73.78,80.9,2,0,Yes
3656,Male,21,CE,5.05,67.6,61.93,1,4,No
3657,Female,20,IT,9.53,98.32,100,4,1,Yes
3658,Male,20,IT,6.97,88.23,93.01,0,3,Yes
3659,Male,24,CSE,5.0,61.93,58.66,2,1,No
3660,Male,20,CSE,5.93,78.51,74.66,0,6,Yes
3661,Female,22,EE,5.0,53.14,56.46,1,0,No
3662,Female,21,CSE,6.49,64.0,68.03,4,1,Yes
3663,Female,25,EE,7.38,72.81,76.88,1,3,Yes
3664,Male,21,ECE,7.11,88.34,80.47,2,2,Yes
3665,Female,20,EE,8.5,97.73,95.43,1,1,Yes
3666,Male,23,CSE,5.0,51.3,51.66,2,4,No
3667,Male,25,CSE,6.4,85.35,76.43,0,1,Yes
3668,Male,23,CSE,7.04,80.83,79.43,1,1,Yes
3669,Male,24,IT,5.15,57.61,63.25,2,5,Yes
3670,Male,21,CE,5.0,54.11,49.26,1,0,No
3671,Female,23,ME,8.26,87.87,82.29,1,5,Yes
3672,Female,20,CSE,5.85,62.72,58.92,1,3,No
3673,Male,23,ME,6.6,76.23,70.87,1,5,Yes
3674,Male,20,CE,5.78,66.7,60.49,0,1,No
3675,Female,23,ME,5.0,58.02,55.72,1,6,No
3676,Female,22,CSE,5.0,57.08,50.38,3,2,Yes
3677,Male,22,EE,6.32,65.39,68.91,4,2,Yes
3678,Male,23,CSE,5.42,63.66,68.1,1,1,No
3679,Female,22,CSE,6.14,70.25,62.58,1,4,Yes
3680,Male,25,CSE,5.89,70.66,62.93,1,3,Yes
3681,Male,22,EE,6.55,80.08,80.6,2,2,Yes
3682,Male,20,IT,9.38,92.57,94.39,0,5,Yes
3683,Male,24,CE,8.19,83.79,89.17,2,2,Yes
3684,Male,24,ECE,9.09,92.98,89.7,1,4,Yes
3685,Male,25,EE,5.01,56.56,51.83,2,7,Yes
3686,Female,21,ECE,6.34,85.83,78.64,1,5,Yes
3687,Female,23,ECE,7.54,87.53,85.54,1,2,Yes
3688,Female,24,IT,5.0,50.21,45,2,2,No
3689,Female,25,EE,5.19,64.32,70.85,2,5,Yes
3690,Male,21,IT,5.36,72.12,72.49,2,2,Yes
3691,Male,23,ECE,6.68,86.26,77.8,0,3,Yes
3692,Female,22,CE,7.26,92.96,93.75,4,6,Yes
3693,Female,20,CSE,5.0,59.2,53.91,3,6,Yes
3694,Male,25,CE,8.93,92.86,84.25,1,1,Yes
3695,Female,25,EE,8.13,84.72,75.8,0,4,Yes
3696,Female,25,ME,5.0,64.01,65.5,0,2,No
3697,Male,24,IT,7.01,83.67,88.68,2,1,Yes
3698,Male,22,ECE,5.0,67.26,58.16,2,1,No
3699,Female,23,IT,5.1,55.39,60.52,1,1,No
3700,Male,23,ME,7.53,82.2,79.49,2,4,Yes
3701,Female,23,CSE,6.23,67.92,74.62,2,8,Yes
3702,Female,23,ME,6.6,68.88,65.29,1,4,No
3703,Male,20,EE,9.28,92.38,88.37,0,2,Yes
3704,Male,24,IT,6.17,66.03,68.73,0,7,Yes
3705,Female,24,ME,6.26,74.95,70.03,2,1,Yes
3706,Female,22,ECE,5.37,53.26,49.2,3,3,No
3707,Female,20,ME,8.17,88.04,78.16,1,2,Yes
3708,Male,23,IT,6.46,77.45,79.1,0,3,Yes
3709,Male,22,CSE,6.92,75.38,82.36,4,0,Yes
3710,Female,20,ECE,7.85,77.65,76.14,2,4,Yes
3711,Male,25,ME,8.77,96.56,100,3,7,Yes
3712,Female,24,IT,5.97,65.63,68.11,1,3,No
3713,Female,20,ECE,5.26,54.06,45.38,2,2,No
3714,Female,23,CSE,7.65,83.21,74.14,1,6,Yes
3715,Female,20,ME,9.33,90.88,94.99,3,4,Yes
3716,Male,23,IT,6.78,79.89,76.19,2,3,Yes
3717,Female,25,IT,8.65,91.88,85.39,0,4,Yes
3718,Male,22,CE,9.22,98.33,95.17,0,3,Yes
3719,Female,21,ME,6.61,78.39,82.07,2,0,No
3720,Female,23,EE,6.13,70.65,74.37,2,4,Yes
3721,Female,20,ME,5.03,54.71,45.96,3,3,No
3722,Male,23,IT,6.17,78.02,71.78,1,3,Yes
3723,Female,21,CSE,5.03,64.16,63.17,1,1,No
3724,Male,23,ECE,5.0,54.47,49.01,3,4,No
3725,Female,22,EE,6.14,61.76,54.56,0,8,No
3726,Male,25,IT,5.43,67.88,71.9,1,3,Yes
3727,Female,21,CE,5.16,74.4,66.71,2,5,Yes
3728,Female,20,ECE,7.45,82.54,74.09,1,0,Yes
3729,Male,22,CSE,7.16,90.37,89.29,4,2,Yes
3730,Female,25,CSE,6.64,61.49,67.66,3,3,Yes
3731,Female,21,ME,5.03,54.38,45.43,1,4,No
3732,Male,24,ECE,5.61,55.58,45.64,3,4,No
3733,Male,21,IT,8.4,96.64,87.8,3,5,Yes
3734,Male,25,CSE,9.01,95.25,97.96,1,1,Yes
3735,Male,24,CE,5.0,51.21,55.41,4,4,No
3736,Male,24,IT,6.05,72.48,75.03,1,0,No
3737,Female,20,CE,9.08,92.3,83.89,2,7,Yes
3738,Female,20,ME,6.96,71.2,77.94,2,2,Yes
3739,Female,20,ME,5.0,56.86,54.46,4,5,Yes
3740,Male,25,CSE,8.43,89.8,87.49,0,3,Yes
3741,Female,25,ECE,8.82,89.71,83.61,1,4,Yes
3742,Male,20,EE,6.76,69.43,73.4,1,3,Yes
3743,Male,23,ECE,5.71,75.22,77.66,2,2,Yes
3744,Male,23,CE,6.63,65.92,59.29,2,6,Yes
3745,Female,23,IT,7.44,78.6,83.15,0,3,Yes
3746,Male,21,ECE,8.61,97.75,100,0,6,Yes
3747,Male,25,ECE,7.2,65.54,72.18,3,2,Yes
3748,Male,23,IT,5.6,77.02,70.41,2,4,Yes
3749,Male,23,IT,5.0,54.55,54.14,0,8,No
3750,Male,25,IT,5.0,52.14,55.07,1,5,No
3751,Female,24,ME,7.92,74.07,75.58,2,4,Yes
3752,Female,20,CSE,7.72,85.82,78.52,0,4,Yes
3753,Male,22,CSE,7.78,86.96,77.37,2,1,Yes
3754,Male,21,IT,5.22,60.33,52.47,1,6,No
3755,Female,25,CSE,9.51,96.08,100,3,4,Yes
3756,Male,24,ECE,6.43,61.72,68.73,1,0,Yes
3757,Male,25,CSE,6.84,81.46,76.45,2,4,Yes
3758,Female,23,CSE,7.65,85.3,85.07,0,4,Yes
3759,Male,22,IT,5.0,53.21,50.06,1,4,No
3760,Male,24,CSE,6.84,86.63,81.45,1,5,Yes
3761,Female,22,EE,9.58,96.29,97.63,2,2,Yes
3762,Female,24,IT,6.17,57.56,63.05,1,4,No
3763,Male,24,IT,5.25,57.79,63.7,2,4,Yes
3764,Female,22,CSE,8.93,97.79,95.54,1,4,Yes
3765,Female,22,IT,5.0,52.92,60.82,0,2,No
3766,Female,20,CSE,6.22,59.66,52.76,2,2,No
3767,Male,21,CE,7.46,74.01,66.56,1,4,Yes
3768,Female,25,CSE,6.36,77.55,68.06,1,8,Yes
3769,Male,21,EE,6.72,81.17,76.57,2,7,Yes
3770,Male,21,CE,5.0,56.82,55.17,2,4,No
3771,Male,23,EE,6.98,90.79,86.74,2,6,Yes
3772,Male,22,ECE,5.73,63.46,69.1,0,3,No
3773,Female,25,IT,5.0,58.98,61.0,0,3,No
3774,Male,25,EE,5.0,67.08,63.24,2,3,No
3775,Female,25,CSE,5.09,61.38,53.07,3,3,Yes
3776,Male,25,CSE,6.71,72.23,62.79,0,2,Yes
3777,Male,21,CSE,6.06,62.26,53.98,2,4,Yes
3778,Male,23,EE,8.64,87.36,90.81,1,1,Yes
3779,Male,22,ECE,6.8,75.05,79.15,0,4,Yes
3780,Male,21,CSE,8.61,90.78,85.11,0,4,Yes
3781,Male,25,ECE,5.09,52.91,48.95,2,6,No
3782,Female,21,CE,6.84,84.49,82.03,2,7,Yes
3783,Male,21,ME,7.94,76.02,76.03,1,3,Yes
3784,Female,25,CSE,5.0,57.12,58.06,1,0,No
3785,Female,25,CSE,5.0,62.07,54.46,1,3,No
3786,Female,20,EE,5.0,64.35,54.79,1,6,No
3787,Female,25,IT,5.81,71.36,72.43,2,6,Yes
3788,Female,25,CE,6.62,73.71,65.85,1,3,Yes
3789,Male,25,CE,7.71,79.64,76.66,1,1,Yes
3790,Female,24,CSE,5.49,70.94,73.28,0,4,No
3791,Female,21,CSE,7.76,76.95,74.1,2,3,Yes
3792,Male,23,CSE,5.0,51.32,45,1,0,No
3793,Male,24,ME,8.69,91.18,82.64,0,2,Yes
3794,Female,21,CSE,8.51,88.03,84.82,0,3,Yes
3795,Female,25,CE,6.78,81.26,87.11,1,3,Yes
3796,Male,25,ME,6.27,63.34,64.22,0,3,No
3797,Female,22,EE,6.38,76.29,79.31,1,4,Yes
3798,Female,24,EE,6.97,71.87,63.16,1,2,No
3799,Male,24,IT,5.0,57.3,49.07,1,3,No
3800,Male,24,ME,7.74,83.57,74.95,1,1,Yes
3801,Male,23,ME,5.96,61.64,61.82,0,7,No
3802,Male,23,ECE,7.01,72.83,72.02,2,3,Yes
3803,Male,22,CSE,6.44,62.59,65.5,4,6,Yes
3804,Male,22,ECE,8.29,92.7,83.2,1,4,Yes
3805,Male,20,ECE,5.17,53.97,45.95,2,4,No
3806,Male,22,CE,6.57,70.6,69.11,1,3,No
3807,Male,23,ECE,5.9,61.58,59.61,0,5,No
3808,Male,21,ME,5.0,61.79,58.17,2,5,No
3809,Female,24,CSE,5.0,51.24,47.78,0,4,No
3810,Male,22,ME,5.0,52.28,55.41,2,5,No
3811,Female,20,IT,7.46,88.59,94.53,1,5,Yes
3812,Female,20,CSE,7.14,72.4,76.42,0,4,Yes
3813,Male,21,CSE,6.04,69.44,69.01,3,3,Yes
3814,Female,23,IT,7.11,76.39,76.57,3,7,Yes
3815,Female,21,CSE,5.89,63.64,57.6,3,2,Yes
3816,Female,20,ME,7.83,78.26,71.52,2,5,Yes
3817,Male,25,CSE,8.72,95.82,92.72,1,0,Yes
3818,Male,25,CSE,5.0,54.62,54.4,1,2,No
3819,Male,20,ECE,7.66,71.87,72.37,1,1,Yes
3820,Male,23,ECE,7.99,85.73,90.79,1,4,Yes
3821,Female,23,EE,5.32,52.79,45.69,0,1,No
3822,Female,22,CE,6.34,67.44,70.72,1,1,Yes
3823,Female,23,CSE,6.48,60.35,64.76,3,3,Yes
3824,Male,23,CSE,6.1,54.61,55.34,1,3,Yes
3825,Female,23,CSE,6.5,79.24,80.2,3,4,Yes
3826,Female,21,ECE,7.76,83.8,84.42,1,3,Yes
3827,Male,20,CSE,5.63,60.15,64.97,1,3,No
3828,Female,21,CSE,5.09,60.87,68.58,3,5,Yes
3829,Male,24,IT,6.12,78.34,81.92,2,6,Yes
3830,Female,24,IT,5.37,64.5,63.79,0,5,Yes
3831,Female,21,EE,9.33,94.94,94.81,0,6,Yes
3832,Male,25,CSE,9.64,94.63,98.62,0,5,Yes
3833,Female,25,CSE,7.53,77.32,83.13,2,6,Yes
3834,Female,23,CE,8.61,94.33,86.24,0,2,Yes
3835,Male,24,IT,6.2,78.0,72.7,2,5,Yes
3836,Male,20,IT,5.0,60.66,51.61,3,5,Yes
3837,Male,25,IT,8.52,96.94,87.77,2,3,Yes
3838,Female,23,CSE,6.01,63.6,66.73,2,4,Yes
3839,Male,23,EE,9.32,93.71,89.63,3,3,Yes
3840,Male,21,CSE,6.78,80.46,73.92,0,5,Yes
3841,Female,25,IT,5.0,50.55,57.11,2,4,No
3842,Female,20,EE,7.54,75.74,79.99,2,1,Yes
3843,Male,25,CSE,5.19,65.32,71.55,1,4,No
3844,Male,22,ME,6.35,77.08,82.43,4,0,Yes
3845,Male,22,CSE,6.7,79.45,77.36,3,1,Yes
3846,Male,25,CSE,5.15,66.48,74.29,2,2,No
3847,Male,24,ECE,7.82,84.63,90.78,1,6,Yes
3848,Female,20,EE,7.99,80.56,79.71,1,1,Yes
3849,Female,20,EE,5.15,65.6,61.35,2,4,No
3850,Female,21,CSE,6.24,68.73,65.6,3,3,Yes
3851,Male,22,CSE,5.9,76.33,68.01,2,4,Yes
3852,Female,24,EE,9.06,90.95,95.22,1,2,Yes
3853,Male,20,IT,6.68,82.99,82.21,1,2,Yes
3854,Male,24,CSE,5.0,61.67,55.43,3,5,Yes
3855,Female,22,ME,6.59,74.88,78.85,1,2,Yes
3856,Male,24,CE,6.65,77.17,73.35,0,6,No
3857,Female,21,CE,9.37,91.78,93.18,2,8,Yes
3858,Female,23,ME,7.89,92.42,86.9,3,6,Yes
3859,Male,22,ECE,7.72,91.14,89.61,1,1,Yes
3860,Male,20,ME,6.97,89.11,85.23,1,3,Yes
3861,Female,25,EE,7.47,81.61,83.62,1,3,Yes
3862,Female,23,CSE,8.36,84.34,82.58,2,6,Yes
3863,Male,20,CSE,5.0,62.78,60.71,0,5,No
3864,Male,25,CE,6.25,71.95,68.01,1,3,No
3865,Female,20,ECE,7.49,74.75,81.74,1,4,Yes
3866,Female,25,CSE,6.59,63.92,57.65,2,4,Yes
3867,Male,20,CE,9.27,98.62,93.63,0,3,Yes
3868,Female,24,ME,5.0,61.24,57.42,2,5,No
3869,Male,24,ECE,6.91,73.11,75.76,3,5,Yes
3870,Female,21,IT,8.29,98.04,100,1,5,Yes
3871,Female,23,ME,5.15,64.74,72.61,1,5,No
3872,Male,21,ME,5.22,69.95,70.02,1,3,No
3873,Male,20,CSE,5.0,53.89,57.64,1,4,No
3874,Female,25,CSE,7.93,87.2,88.77,1,6,Yes
3875,Male,22,ECE,6.76,87.19,78.07,1,1,Yes
3876,Female,21,CSE,7.45,83.32,77.12,1,5,Yes
3877,Female,21,CSE,6.13,76.32,78.46,0,3,Yes
3878,Male,25,CE,5.3,71.98,65.94,1,2,No
3879,Male,23,CSE,5.37,70.26,62.71,1,4,Yes
3880,Male,24,CE,6.82,79.67,84.32,1,5,Yes
3881,Male,22,EE,9.34,96.11,100,0,3,Yes
3882,Female,22,ME,9.34,92.59,99.91,1,3,Yes
3883,Male,22,ME,5.0,51.1,56.7,1,3,No
3884,Male,20,CSE,8.36,86.96,90.76,0,4,Yes
3885,Male,25,CSE,9.11,91.7,94.99,1,3,Yes
3886,Male,22,EE,7.09,66.83,66.29,1,4,Yes
3887,Male,21,CE,7.76,92.38,84.72,4,4,Yes
3888,Female,20,ME,5.44,51.8,50.2,1,1,No
3889,Male,22,ECE,7.48,86.92,83.43,0,5,Yes
3890,Female,25,IT,5.62,65.4,56.85,2,3,No
3891,Female,22,IT,5.0,53.75,56.89,1,1,No
3892,Female,24,ECE,5.19,50.0,52.97,1,4,No
3893,Female,24,CE,6.88,84.7,74.98,0,3,Yes
3894,Female,20,ECE,6.2,80.32,75.29,0,2,Yes
3895,Female,21,ECE,8.31,94.51,99.91,2,5,Yes
3896,Male,21,CSE,5.3,52.68,45,1,3,No
3897,Male,21,CSE,6.62,78.95,70.58,2,3,Yes
3898,Male,22,ME,5.0,50.13,46.02,0,7,No
3899,Female,25,CSE,7.61,74.72,76.33,4,4,Yes
3900,Female,23,IT,8.74,95.36,100,0,1,Yes
3901,Male,24,EE,5.0,50.42,46.82,1,7,No
3902,Male,20,IT,9.51,96.59,100,1,2,Yes
3903,Female,22,IT,8.04,80.51,81.67,1,5,Yes
3904,Female,21,CE,6.46,77.15,73.9,1,6,Yes
3905,Male,22,ME,6.33,58.71,58.39,0,2,No
3906,Female,20,ECE,6.18,85.11,75.85,0,4,Yes
3907,Female,21,CSE,7.16,84.48,92.16,3,1,Yes
3908,Male,23,ME,5.0,61.87,65.61,1,7,No
3909,Male,21,ECE,5.0,59.47,51.1,2,1,No
3910,Male,25,IT,5.0,59.59,50.56,0,2,No
3911,Male,23,ECE,5.96,54.31,57.13,2,6,Yes
3912,Female,22,EE,6.38,65.33,63.55,2,2,Yes
3913,Male,22,CSE,7.54,77.36,84.89,0,3,Yes
3914,Female,22,IT,5.0,52.7,48.22,2,5,No
3915,Male,20,CE,7.86,86.66,94.34,2,0,Yes
3916,Female,25,EE,6.39,81.19,74.07,2,1,Yes
3917,Male,24,CE,5.53,57.45,48.96,1,4,No
3918,Female,24,ECE,5.92,68.69,61.32,2,3,Yes
3919,Female,25,CSE,6.15,66.92,61.07,2,7,Yes
3920,Male,21,ME,7.34,77.01,75.22,0,0,Yes
3921,Female,22,ECE,6.77,80.17,83.4,0,3,Yes
3922,Female,20,IT,5.0,59.13,62.04,2,4,Yes
3923,Female,25,CE,8.52,94.76,100,2,0,Yes
3924,Male,21,CSE,5.71,70.51,66.97,1,3,Yes
3925,Female,24,CE,5.0,52.04,52.47,0,4,No
3926,Male,23,IT,6.27,83.7,77.38,1,4,Yes
3927,Female,21,ECE,6.66,74.11,73.27,2,3,Yes
3928,Female,24,EE,5.65,61.65,55.36,0,4,No
3929,Male,24,CSE,5.06,54.32,46.08,0,3,No
3930,Male,24,CSE,7.09,86.91,93.16,1,0,Yes
3931,Male,20,ME,8.01,85.78,91.2,2,5,Yes
3932,Female,25,ECE,6.49,65.09,65.69,1,5,Yes
3933,Female,21,IT,5.0,56.28,50.59,0,5,No
3934,Female,24,IT,5.3,60.83,62.67,0,4,No
3935,Female,23,ME,7.81,75.91,79.77,1,5,Yes
3936,Female,22,ME,7.87,96.02,95.65,3,4,Yes
3937,Male,20,ME,5.0,55.43,49.36,0,3,No
3938,Male,24,EE,7.69,83.39,88.36,1,3,Yes
3939,Female,22,IT,6.32,77.03,75.66,1,3,Yes
3940,Male,20,CSE,6.87,81.17,72.63,3,5,Yes
3941,Female,21,CE,7.62,84.3,83.09,1,2,Yes
3942,Male,25,IT,8.08,75.8,78.11,0,3,Yes
3943,Female,25,CSE,6.59,80.24,79.11,0,4,Yes
3944,Male,22,ME,6.96,71.36,77.32,1,4,Yes
3945,Female,20,ECE,6.32,60.12,63.38,0,1,No
3946,Female,20,ME,6.21,66.04,64.6,0,2,No
3947,Male,24,ME,5.86,60.53,64.43,1,3,No
3948,Female,22,ECE,8.62,84.01,91.2,3,8,Yes
3949,Female,21,CE,7.4,77.12,68.42,3,3,Yes
3950,Female,24,IT,9.82,98.35,97.1,1,2,Yes
3951,Male,24,CSE,6.13,69.25,70.32,3,7,Yes
3952,Male,25,CSE,5.76,56.67,57.99,1,5,Yes
3953,Female,20,CSE,8.44,83.85,86.64,1,3,Yes
3954,Female,24,IT,5.94,52.09,59.75,3,7,Yes
3955,Female,25,ME,5.0,60.66,55.09,1,3,No
3956,Male,21,IT,6.32,70.42,64.34,1,4,Yes
3957,Female,20,ECE,8.21,79.87,84.85,2,1,Yes
3958,Female,24,CE,6.74,79.75,70.91,1,2,Yes
3959,Male,20,ME,6.14,79.6,72.57,0,6,Yes
3960,Male,25,ME,7.24,75.35,76.94,1,3,Yes
3961,Male,22,ECE,5.0,51.8,45,2,2,No
3962,Male,22,CSE,8.24,87.53,87.2,0,6,Yes
3963,Male,21,EE,8.2,90.67,85.45,3,3,Yes
3964,Female,22,ME,5.78,66.94,63.42,0,1,No
3965,Male,22,EE,7.42,72.65,78.11,2,2,Yes
3966,Female,25,CSE,6.17,76.29,68.69,1,7,Yes
3967,Male,21,IT,7.47,81.76,84.92,0,4,Yes
3968,Male,21,EE,5.0,65.39,59.67,1,3,No
3969,Female,25,ME,8.16,88.5,93.56,1,6,Yes
3970,Male,25,IT,5.87,52.17,56.34,2,2,No
3971,Female,23,CSE,6.28,60.46,63.71,2,3,Yes
3972,Male,22,IT,7.78,79.05,86.61,0,5,Yes
3973,Female,25,ME,7.37,90.21,84.63,1,5,Yes
3974,Female,24,EE,7.0,74.47,69.57,1,1,No
3975,Female,23,CSE,5.1,53.81,50.07,2,0,No
3976,Female,23,ECE,6.64,88.74,83.59,1,5,Yes
3977,Male,22,EE,5.44,69.5,72.17,2,4,Yes
3978,Female,24,IT,7.22,69.69,64.19,2,3,Yes
3979,Female,22,EE,5.65,79.12,69.94,0,4,No
3980,Female,21,CSE,5.0,66.92,58.84,0,2,No
3981,Male,22,CSE,6.99,81.13,88.69,1,4,Yes
3982,Male,25,ECE,5.61,71.64,76.4,2,4,No
3983,Female,25,CSE,5.18,52.53,50.74,2,5,No
3984,Male,21,IT,5.17,51.23,45,0,8,No
3985,Female,23,ME,9.51,96.35,99.09,0,4,Yes
3986,Male,24,CSE,9.26,89.7,91.8,2,2,Yes
3987,Female,22,ME,6.73,89.45,80.94,1,4,Yes
3988,Female,22,ME,8.8,92.39,89.49,1,7,Yes
3989,Male,22,EE,5.0,58.86,61.22,1,1,No
3990,Female,25,ECE,8.15,91.65,97.94,0,7,Yes
3991,Female,25,IT,5.11,52.84,52.79,1,5,No
3992,Female,25,IT,6.13,64.74,56.53,1,3,No
3993,Male,21,CSE,8.49,96.36,91.06,0,3,Yes
3994,Female,20,CSE,5.0,58.28,52.01,0,4,No
3995,Male,22,ECE,5.6,73.66,76.84,1,4,Yes
3996,Female,21,ME,6.01,68.48,71.81,1,4,Yes
3997,Male,23,CSE,5.0,54.6,47.25,1,4,No
3998,Female,20,ECE,7.16,89.88,83.88,2,2,Yes
3999,Female,23,CSE,6.4,71.04,66.41,0,0,No
4000,Female,21,ECE,5.0,51.0,55.12,2,0,No
4001,Female,23,EE,5.92,61.24,53.59,4,5,Yes
4002,Female,20,ECE,7.78,86.13,82.86,0,8,Yes
4003,Male,20,ECE,6.61,58.58,65.87,0,2,Yes
4004,Female,22,CE,5.04,69.67,59.73,1,5,No
4005,Female,24,ECE,7.1,88.84,88.1,2,4,Yes
4006,Female,24,CSE,6.95,74.67,70.03,2,1,Yes
4007,Male,22,ME,5.85,73.52,69.61,1,5,Yes
4008,Male,21,ME,6.76,64.91,71.24,0,4,No
4009,Female,22,ECE,7.58,81.1,83.82,0,2,Yes
4010,Female,23,CSE,8.18,95.52,86.99,0,0,Yes
4011,Male,20,CE,6.48,64.87,57.2,2,0,No
4012,Male,24,ME,8.13,87.28,88.64,0,3,Yes
4013,Male,24,ECE,8.97,90.8,89.04,1,1,Yes
4014,Male,22,CE,7.73,82.15,85.01,2,4,Yes
4015,Male,20,EE,5.67,73.15,67.4,0,4,No
4016,Female,25,ECE,9.71,94.71,100,1,6,Yes
4017,Male,24,IT,5.97,76.13,66.91,3,3,Yes
4018,Female,24,CSE,5.2,66.88,57.23,1,3,No
4019,Female,24,CE,7.04,67.63,68.06,2,3,Yes
4020,Male,23,CE,7.82,78.23,75.29,1,4,Yes
4021,Male,21,ECE,7.39,88.72,81.45,1,2,Yes
4022,Female,25,CSE,5.0,59.96,50.15,4,3,Yes
4023,Female,20,ME,6.43,68.57,69.19,3,7,Yes
4024,Male,21,ECE,8.73,95.64,99.71,2,6,Yes
4025,Female,23,ECE,6.02,72.95,76.57,1,6,Yes
4026,Male,23,ECE,9.6,93.09,97.63,0,5,Yes
4027,Male,21,CE,5.0,56.04,56.01,0,5,No
4028,Female,25,CE,5.0,64.08,57.03,3,2,No
4029,Male,24,CE,6.16,62.36,59.18,2,6,Yes
4030,Female,23,ECE,9.33,97.74,100,0,4,Yes
4031,Male,23,ECE,6.65,69.2,73.21,0,4,No
4032,Female,20,CSE,5.91,68.74,75.66,3,4,Yes
4033,Male,22,CSE,5.64,55.71,56.13,2,5,No
4034,Male,22,CE,5.78,75.94,66.06,1,5,No
4035,Male,22,ME,7.94,73.5,78.97,1,4,Yes
4036,Male,25,CSE,5.0,61.21,61.83,0,6,No
4037,Male,20,EE,7.24,85.14,81.01,1,2,Yes
4038,Female,21,ECE,6.52,73.13,72.57,3,4,Yes
4039,Female,20,CSE,5.0,57.72,53.29,1,4,No
4040,Female,24,IT,5.08,64.72,62.41,2,4,No
4041,Male,20,IT,7.26,84.38,77.6,1,1,Yes
4042,Male,21,ME,7.48,82.15,72.22,1,2,Yes
4043,Male,22,ECE,7.79,80.36,82.21,0,6,Yes
4044,Male,23,IT,7.6,86.25,90.29,1,5,Yes
4045,Male,20,CSE,7.36,85.34,76.34,2,2,Yes
4046,Female,21,CSE,7.96,78.07,74.77,0,2,Yes
4047,Male,25,EE,7.45,70.89,75.21,1,8,Yes
4048,Male,23,CSE,7.75,86.33,85.9,0,4,Yes
4049,Male,25,CSE,7.28,71.18,72.15,1,1,Yes
4050,Male,24,CSE,5.15,55.84,55.96,2,1,No
4051,Male,24,ECE,5.0,50.18,45.02,0,3,No
4052,Male,20,IT,8.51,97.27,98.64,1,1,Yes
4053,Male,24,EE,6.04,54.08,54.91,3,3,Yes
4054,Male,25,ME,9.94,98.75,100,1,5,Yes
4055,Female,21,IT,6.66,66.95,58.39,0,1,No
4056,Female,23,EE,5.68,61.55,68.18,2,3,Yes
4057,Male,21,EE,6.5,59.68,65.58,2,3,Yes
4058,Female,23,IT,5.88,55.41,61.68,3,2,Yes
4059,Female,20,ME,7.85,80.06,80.34,0,7,Yes
4060,Female,21,IT,5.87,78.48,76.02,0,0,No
4061,Female,23,EE,5.67,73.66,72.26,3,3,Yes
4062,Female,21,CSE,5.0,62.82,55.59,1,4,No
4063,Female,25,CE,7.57,95.22,96.55,0,3,Yes
4064,Male,25,CSE,6.49,72.55,77.3,3,2,Yes
4065,Male,24,CE,5.0,50.62,45,1,6,No
4066,Male,22,EE,9.34,98.27,93.18,0,4,Yes
4067,Female,25,ME,8.31,80.21,82.53,1,3,Yes
4068,Female,21,ME,5.0,50.97,45,3,5,No
4069,Female,23,IT,5.0,52.09,45.74,0,0,No
4070,Male,22,ME,6.89,69.92,75.48,1,3,Yes
4071,Female,25,IT,6.47,62.73,69.62,1,4,Yes
4072,Female,24,CSE,7.05,84.56,75.66,4,5,Yes
4073,Female,24,CSE,8.58,96.84,99.15,0,3,Yes
4074,Female,24,ME,7.32,88.77,91.17,1,5,Yes
4075,Male,24,CSE,5.0,60.84,51.19,1,2,No
4076,Female,20,CSE,6.14,61.27,56.85,0,5,Yes
4077,Male,24,ECE,5.0,59.35,64.09,0,3,No
4078,Male,20,CSE,8.7,90.25,86.13,1,1,Yes
4079,Male,23,CSE,7.75,78.8,86.19,2,2,Yes
4080,Female,25,EE,7.51,96.37,93.45,1,2,Yes
4081,Female,21,IT,8.02,75.02,79.65,2,1,Yes
4082,Male,25,CE,6.11,66.92,57.3,0,5,No
4083,Male,20,EE,8.46,92.85,84.83,3,3,Yes
4084,Male,23,ECE,6.16,61.3,68.56,0,2,No
4085,Female,23,CSE,5.52,70.12,75.34,2,4,Yes
4086,Female,23,CSE,5.0,56.44,62.17,1,1,No
4087,Male,22,ECE,7.03,82.32,81.34,2,4,Yes
4088,Male,21,EE,8.44,83.94,81.54,1,5,Yes
4089,Male,20,CE,6.79,87.5,85.02,0,2,No
4090,Female,24,ECE,5.0,54.81,55.5,2,6,No
4091,Male,21,ECE,5.27,55.58,62.98,1,3,No
4092,Female,23,CE,5.0,52.24,48.55,1,3,No
4093,Female,21,IT,5.0,58.63,49.25,0,3,No
4094,Female,24,CSE,7.57,82.77,88.34,2,3,Yes
4095,Male,23,ECE,6.7,85.63,88.44,1,0,Yes
4096,Male,24,ME,7.12,78.62,86.42,2,3,Yes
4097,Male,23,ECE,5.0,53.89,50.87,0,3,No
4098,Female,23,IT,8.13,92.55,88.63,0,3,Yes
4099,Male,25,ECE,7.18,67.91,65.15,0,5,Yes
4100,Female,25,ECE,7.29,78.84,71.48,0,4,Yes
4101,Male,21,CSE,7.21,73.02,71.6,0,2,Yes
4102,Female,23,CSE,7.24,88.36,93.47,1,3,Yes
4103,Female,21,CSE,6.17,52.82,59.99,1,3,Yes
4104,Female,22,ECE,5.52,51.54,59.42,2,4,No
4105,Male,23,IT,6.44,72.45,71.82,1,1,No
4106,Male,22,CSE,5.0,60.77,62.85,1,2,No
4107,Female,24,CE,9.93,98.31,97.16,1,3,Yes
4108,Female,23,IT,5.02,63.3,66.88,2,5,No
4109,Male,23,CSE,5.49,66.5,64.64,1,0,No
4110,Male,21,CE,6.2,64.06,60.76,1,6,Yes
4111,Male,20,EE,7.72,75.41,78.67,0,4,Yes
4112,Female,24,CE,5.0,50.59,45,0,4,No
4113,Male,24,CSE,6.07,75.83,71.12,2,0,Yes
4114,Female,23,CSE,5.0,56.89,53.93,1,5,No
4115,Male,21,CSE,6.01,57.84,65.43,0,4,Yes
4116,Male,20,CSE,5.98,72.61,70.93,0,7,Yes
4117,Female,24,CSE,5.59,57.47,59.69,2,7,Yes
4118,Female,21,EE,5.02,70.03,66.93,1,5,No
4119,Male,25,CSE,5.69,54.99,55.43,0,3,No
4120,Female,25,ECE,8.34,93.53,96.6,1,5,Yes
4121,Female,21,CSE,5.0,63.76,57.32,0,7,Yes
4122,Female,20,IT,7.52,96.49,92.64,2,2,Yes
4123,Male,24,EE,5.79,65.18,63.29,1,4,No
4124,Male,23,ECE,5.92,64.5,69.22,0,0,No
4125,Female,22,ME,5.12,69.1,64.76,2,3,No
4126,Male,22,ME,5.61,72.29,67.11,3,7,Yes
4127,Female,24,EE,8.94,97.51,95.61,0,4,Yes
4128,Male,24,IT,6.49,59.11,60.45,0,6,No
4129,Male,23,IT,8.9,96.07,98.72,1,7,Yes
4130,Male,20,CSE,9.28,98.83,99.68,1,5,Yes
4131,Male,20,IT,5.23,64.14,55.25,4,3,Yes
4132,Female,23,ME,7.73,81.17,85.86,1,4,Yes
4133,Female,21,IT,6.33,55.22,63.01,1,3,Yes
4134,Male,21,EE,6.4,65.35,71.68,2,5,Yes
4135,Male,20,CSE,8.49,93.36,91.32,2,6,Yes
4136,Male,20,CSE,5.0,54.55,49.71,4,3,Yes
4137,Male,22,CSE,5.14,61.43,63.35,1,3,No
4138,Male,21,CSE,9.22,98.3,96.94,2,5,Yes
4139,Female,20,IT,6.82,84.04,84.58,2,8,Yes
4140,Male,20,CE,7.18,80.06,81.72,0,3,Yes
4141,Female,23,EE,5.66,57.58,56.7,0,6,No
4142,Female,22,ME,6.36,68.43,64.36,2,2,Yes
4143,Female,24,ECE,6.2,54.53,57.15,4,2,Yes
4144,Male,23,CE,6.36,69.14,76.01,1,4,No
4145,Female,22,ECE,5.0,56.14,62.0,0,0,No
4146,Female,24,CSE,8.27,92.97,96.47,1,5,Yes
4147,Female,20,CSE,6.5,64.5,72.09,1,0,Yes
4148,Female,21,CSE,6.35,56.48,59.0,2,8,Yes
4149,Female,21,IT,5.64,56.18,61.19,1,4,No
4150,Female,20,CSE,5.95,53.93,61.18,2,5,No
4151,Male,20,IT,8.3,91.46,89.73,2,7,Yes
4152,Female,20,CSE,5.0,54.3,48.46,2,4,No
4153,Male,22,EE,5.09,68.4,68.71,2,7,Yes
4154,Female,23,ECE,5.0,59.64,66.42,1,2,No
4155,Female,23,CE,6.79,62.01,69.86,3,7,Yes
4156,Male,21,CSE,5.28,53.52,61.36,3,0,No
4157,Male,25,CE,7.5,90.28,82.47,2,4,Yes
4158,Female,21,CSE,5.61,62.83,54.92,2,3,No
4159,Female,24,ECE,5.71,70.28,68.6,2,1,Yes
4160,Female,25,ECE,5.0,61.18,54.41,2,4,No
4161,Female,23,ME,9.14,94.66,87.81,0,4,Yes
4162,Female,22,ME,5.0,58.11,51.47,2,5,No
4163,Female,22,ME,6.2,62.17,68.76,2,5,Yes
4164,Male,20,CSE,6.59,88.37,82.38,1,4,Yes
4165,Male,23,ECE,7.65,91.2,86.91,2,5,Yes
4166,Female,23,EE,5.13,58.18,56.85,2,2,No
4167,Male,21,CSE,9.13,85.76,92.94,1,1,Yes
4168,Female,23,IT,5.0,51.1,45,1,4,No
4169,Female,22,EE,7.34,78.88,86.0,0,3,Yes
4170,Female,24,ME,8.46,97.86,100,1,4,Yes
4171,Male,25,ECE,7.07,83.43,74.75,0,3,Yes
4172,Male,25,ECE,6.09,57.27,53.66,1,3,No
4173,Male,24,IT,6.84,91.66,85.36,0,0,Yes
4174,Male,25,CE,6.8,84.27,84.67,1,4,Yes
4175,Male,21,ME,5.12,51.93,50.42,1,1,No
4176,Male,23,CE,7.29,87.36,82.59,0,3,Yes
4177,Female,20,ECE,5.83,56.75,55.21,0,5,No
4178,Female,23,ME,5.0,60.26,57.38,2,5,No
4179,Male,25,CSE,7.74,96.89,100,0,3,Yes
4180,Male,21,CSE,7.0,92.98,86.72,0,0,Yes
4181,Male,22,CSE,6.57,86.55,86.07,3,4,Yes
4182,Female,25,CSE,8.0,98.79,94.75,0,3,Yes
4183,Female,24,CSE,7.93,79.7,85.38,0,3,Yes
4184,Male,23,ME,5.5,73.09,75.26,0,0,No
4185,Female,20,CE,5.55,69.09,66.94,1,0,No
4186,Male,25,IT,5.0,51.35,47.28,1,2,No
4187,Male,25,CSE,5.0,50.18,45,1,3,No
4188,Female,23,EE,9.25,97.93,95.41,2,1,Yes
4189,Female,22,CSE,5.65,61.98,54.91,4,7,Yes
4190,Female,21,CE,6.79,81.75,83.2,3,5,Yes
4191,Female,22,ECE,7.19,69.83,76.72,2,4,Yes
4192,Male,20,CE,7.7,88.04,92.75,2,6,Yes
4193,Female,24,ECE,7.16,69.69,63.67,1,4,Yes
4194,Male,22,ME,5.87,76.15,80.51,2,3,Yes
4195,Male,22,ME,6.06,56.43,57.39,1,5,Yes
4196,Female,25,ME,6.41,79.22,72.48,2,4,Yes
4197,Male,24,ECE,7.15,91.78,83.71,1,4,Yes
4198,Male,22,ME,6.76,72.92,80.41,1,5,Yes
4199,Male,23,CSE,6.94,77.93,83.99,1,3,Yes
4200,Female,20,ME,6.97,82.31,89.67,2,2,Yes
4201,Female,23,CSE,8.15,94.86,88.38,2,1,Yes
4202,Female,24,ECE,8.41,85.35,75.48,1,3,Yes
4203,Male,21,ME,7.14,78.04,81.63,3,6,Yes
4204,Male,22,EE,9.67,95.82,100,0,4,Yes
4205,Male,24,EE,7.74,93.24,85.86,2,7,Yes
4206,Male,24,EE,7.74,76.76,80.57,4,3,Yes
4207,Male,24,CSE,5.0,50.2,45,2,8,Yes
4208,Female,25,ME,8.19,88.31,83.94,2,2,Yes
4209,Male,20,ECE,7.87,78.49,83.4,0,4,Yes
4210,Male,21,IT,6.49,72.14,68.52,2,0,Yes
4211,Male,22,ECE,8.54,95.06,88.83,1,4,Yes
4212,Female,20,ECE,8.47,79.69,83.78,1,6,Yes
4213,Female,25,ECE,6.81,70.42,78.17,1,4,Yes
4214,Male,22,EE,6.28,73.95,81.14,4,4,Yes
4215,Female,23,ECE,6.92,69.01,74.85,3,3,Yes
4216,Female,23,ECE,5.0,60.68,61.19,0,5,No
4217,Male,21,IT,8.01,78.81,74.93,1,5,Yes
4218,Male,21,CE,6.65,83.49,80.56,1,3,Yes
4219,Male,20,IT,6.7,72.07,66.79,0,7,Yes
4220,Male,20,IT,6.69,88.82,84.76,0,3,Yes
4221,Female,20,CE,5.0,57.29,48.03,1,2,No
4222,Male,22,ECE,7.29,89.17,93.56,0,4,Yes
4223,Female,20,CE,5.86,57.23,59.42,0,3,No
4224,Female,20,CE,6.06,58.27,50.96,2,4,Yes
4225,Male,22,IT,7.21,77.32,73.67,3,3,Yes
4226,Female,24,IT,5.43,56.18,53.52,1,3,No
4227,Male,25,IT,6.87,88.89,83.07,1,8,Yes
4228,Female,22,EE,5.11,70.14,60.67,2,2,No
4229,Female,21,CE,5.51,70.78,77.5,3,2,No
4230,Male,22,EE,6.44,69.62,67.86,1,7,Yes
4231,Female,20,CE,6.11,83.23,76.34,1,2,No
4232,Male,23,ECE,8.44,93.81,100,2,4,Yes
4233,Male,25,ME,7.97,78.82,80.25,2,2,Yes
4234,Female,24,CSE,5.0,50.12,46.19,0,2,No
4235,Female,24,CSE,5.0,57.12,51.32,2,2,No
4236,Male,24,ECE,7.59,74.06,73.81,2,6,Yes
4237,Male,21,CSE,7.99,83.96,83.29,2,7,Yes
4238,Male,24,ECE,8.72,94.18,88.84,1,4,Yes
4239,Female,23,IT,8.58,91.39,88.9,0,3,Yes
4240,Male,21,EE,5.47,62.6,67.3,1,2,No
4241,Female,23,ECE,8.12,94.4,89.1,2,5,Yes
4242,Male,23,ECE,7.67,92.51,100,3,4,Yes
4243,Female,21,ECE,5.87,57.6,57.0,0,5,No
4244,Male,25,CSE,6.28,81.55,78.35,0,3,Yes
4245,Male,24,CE,5.03,51.63,48.6,1,0,No
4246,Female,25,IT,6.67,64.98,63.48,2,4,Yes
4247,Female,21,CE,9.74,93.13,96.83,0,5,Yes
4248,Male,25,CSE,7.39,91.08,95.33,2,8,Yes
4249,Male,20,ECE,5.0,50.14,52.78,2,5,No
4250,Male,20,IT,5.0,51.93,50.34,3,3,No
4251,Male,21,IT,6.63,76.85,73.56,1,5,Yes
4252,Male,20,EE,5.0,66.05,57.26,2,7,No
4253,Male,20,ECE,6.55,86.11,76.62,1,1,Yes
4254,Female,21,EE,8.78,95.58,89.71,0,1,Yes
4255,Male,23,IT,6.74,80.59,81.44,1,5,Yes
4256,Female,25,CSE,7.83,79.36,75.14,4,5,Yes
4257,Female,22,CSE,8.16,82.49,84.74,1,4,Yes
4258,Male,22,CSE,7.15,88.15,81.95,3,5,Yes
4259,Male,21,CSE,9.46,95.93,100,3,5,Yes
4260,Male,24,ME,7.52,83.65,81.7,2,6,Yes
4261,Male,24,IT,7.02,74.32,65.91,1,4,Yes
4262,Male,24,EE,5.84,75.29,66.71,2,4,Yes
4263,Female,22,ECE,5.82,58.37,61.59,1,2,No
4264,Female,24,ECE,5.0,58.95,55.68,0,3,No
4265,Male,20,CSE,8.92,97.18,100,2,6,Yes
4266,Male,25,IT,7.94,75.07,75.04,1,2,Yes
4267,Male,24,IT,7.19,74.5,68.27,1,5,Yes
4268,Female,24,CSE,7.27,87.21,93.14,3,2,Yes
4269,Female,23,EE,5.0,56.58,52.61,1,2,No
4270,Female,23,CE,6.81,76.85,68.69,4,6,Yes
4271,Male,25,CSE,7.02,85.71,80.75,0,2,Yes
4272,Male,20,ECE,6.61,76.83,71.37,2,2,Yes
4273,Male,21,ECE,6.69,76.23,80.79,0,6,Yes
4274,Male,23,EE,6.69,74.67,76.35,4,4,Yes
4275,Male,22,IT,5.06,62.64,60.77,0,2,No
4276,Female,21,EE,6.48,78.48,80.93,4,6,Yes
4277,Female,23,CSE,5.54,72.23,74.17,2,2,Yes
4278,Male,24,CSE,6.1,57.51,52.53,1,2,No
4279,Male,25,IT,6.45,55.82,61.79,1,5,No
4280,Male,21,ME,5.0,53.04,59.99,2,3,No
4281,Male,22,CE,5.02,55.0,45.63,1,7,No
4282,Male,23,CE,5.91,58.64,64.57,2,3,No
4283,Female,21,IT,6.58,72.37,78.11,3,5,Yes
4284,Female,21,ECE,5.0,50.7,50.5,3,4,Yes
4285,Female,23,CSE,7.66,84.15,79.53,1,4,Yes
4286,Male,22,EE,5.0,64.53,63.94,2,4,No
4287,Male,20,CE,8.61,94.83,94.25,1,0,Yes
4288,Female,24,CSE,7.29,78.88,81.75,1,4,Yes
4289,Female,24,CE,5.23,72.0,62.65,0,4,No
4290,Male,24,ECE,8.95,92.49,90.77,2,2,Yes
4291,Female,21,ME,9.79,96.29,95.7,0,3,Yes
4292,Male,23,CSE,9.45,96.29,98.93,0,1,Yes
4293,Male,20,EE,6.11,57.33,56.43,1,2,No
4294,Female,25,CSE,6.06,58.92,58.58,1,4,Yes
4295,Female,25,EE,6.27,73.54,69.7,0,4,Yes
4296,Female,23,ECE,6.64,84.98,75.64,0,4,Yes
4297,Male,20,CE,7.98,88.02,81.99,2,2,Yes
4298,Female,23,CE,5.42,51.11,53.88,0,5,No
4299,Male,22,CE,7.42,75.54,78.62,0,4,Yes
4300,Female,23,EE,5.37,64.37,56.24,1,6,No
4301,Female,23,EE,8.53,92.35,89.55,0,3,Yes
4302,Female,23,ECE,6.18,64.55,71.93,3,2,Yes
4303,Male,21,CSE,6.66,84.87,86.09,2,2,Yes
4304,Male,23,CE,6.83,71.45,61.64,3,2,Yes
4305,Female,24,ME,6.45,83.2,78.22,1,3,No
4306,Female,22,CSE,5.0,54.17,61.16,3,2,No
4307,Female,21,EE,6.97,74.72,66.36,0,2,No
4308,Male,20,IT,7.57,93.49,97.44,1,0,Yes
4309,Female,21,ECE,7.67,91.05,84.61,0,4,Yes
4310,Male,23,CSE,6.02,65.62,62.48,2,3,Yes
4311,Female,22,IT,6.96,74.24,74.47,1,3,Yes
4312,Male,25,CSE,7.44,80.83,73.24,0,1,Yes
4313,Female,22,CE,8.08,77.4,78.64,2,1,Yes
4314,Female,21,ME,5.09,53.02,51.18,1,8,No
4315,Female,23,EE,5.0,54.72,45.93,0,2,No
4316,Male,25,IT,5.0,57.3,61.77,2,1,No
4317,Female,22,ECE,5.0,51.26,54.41,1,1,No
4318,Male,21,CSE,9.39,95.92,100,1,8,Yes
4319,Female,24,CSE,7.99,87.87,82.07,2,0,Yes
4320,Male,25,CSE,7.04,77.03,67.73,2,3,Yes
4321,Female,20,EE,6.22,63.83,68.54,1,1,Yes
4322,Male,21,IT,6.87,69.93,61.48,0,7,Yes
4323,Female,25,CE,8.58,97.89,92.61,1,1,Yes
4324,Female,24,ECE,5.31,58.62,56.93,0,3,No
4325,Male,20,CSE,8.88,87.89,89.04,2,4,Yes
4326,Male,22,ECE,5.71,64.96,55.58,4,1,Yes
4327,Male,20,ECE,6.95,83.19,78.63,0,6,Yes
4328,Female,24,CSE,5.0,57.55,59.62,1,4,No
4329,Male,23,CE,6.3,61.44,59.2,1,1,No
4330,Female,25,CE,9.0,94.65,86.18,0,4,Yes
4331,Female,24,ME,6.94,73.48,64.12,0,2,No
4332,Male,21,CSE,7.88,89.15,89.81,4,1,Yes
4333,Male,23,IT,7.73,90.49,89.42,2,3,Yes
4334,Male,21,CSE,5.4,68.49,71.92,0,2,No
4335,Female,25,CSE,8.2,81.96,87.31,2,3,Yes
4336,Female,20,CE,7.57,87.22,87.54,2,1,Yes
4337,Male,20,IT,7.29,79.77,77.02,2,3,Yes
4338,Male,25,CSE,7.51,87.53,81.46,0,1,Yes
4339,Male,20,ME,6.27,78.42,84.02,2,4,Yes
4340,Male,22,CSE,5.0,51.5,55.05,1,3,No
4341,Female,25,ECE,5.0,59.44,65.19,1,4,No
4342,Female,21,CSE,8.17,91.69,87.54,2,5,Yes
4343,Male,22,IT,8.84,98.95,90.98,0,4,Yes
4344,Male,21,CE,7.08,75.45,68.42,1,4,Yes
4345,Male,23,CSE,7.87,93.02,98.16,4,4,Yes
4346,Female,23,CSE,5.72,67.84,63.44,2,4,Yes
4347,Female,22,CSE,5.0,61.31,65.11,1,1,No
4348,Female,24,ECE,5.57,69.58,61.77,1,4,No
4349,Female,22,ME,5.0,68.12,61.33,1,2,No
4350,Male,23,ECE,5.82,55.79,51.31,3,6,Yes
4351,Male,21,IT,7.6,86.67,90.76,2,2,Yes
4352,Female,21,ME,6.47,74.54,68.98,1,6,Yes
4353,Female,21,ECE,5.0,54.39,49.19,1,5,No
4354,Female,22,CE,7.86,91.53,87.91,1,0,Yes
4355,Female,20,ECE,5.83,70.27,77.9,2,7,Yes
4356,Male,24,ECE,5.0,63.09,55.35,3,7,Yes
4357,Female,21,IT,7.2,75.99,75.62,3,7,Yes
4358,Female,23,CSE,6.56,88.71,82.2,2,4,Yes
4359,Female,22,CSE,5.43,55.56,48.96,2,6,Yes
4360,Female,21,CSE,6.03,75.86,70.39,3,7,Yes
4361,Male,25,IT,7.97,89.71,96.41,2,3,Yes
4362,Male,21,ECE,6.44,67.41,62.54,1,3,No
4363,Male,25,ME,7.84,73.32,75.84,2,1,Yes
4364,Male,20,CSE,10.0,97.38,100,3,6,Yes
4365,Male,22,IT,7.72,78.42,82.52,1,2,Yes
4366,Male,23,EE,6.96,76.99,81.81,3,4,Yes
4367,Male,25,ME,5.0,52.6,50.61,4,1,No
4368,Female,25,EE,7.37,71.98,79.12,0,6,Yes
4369,Female,24,IT,6.71,63.81,66.39,0,5,Yes
4370,Female,21,IT,6.91,67.18,59.88,2,4,Yes
4371,Male,25,ECE,6.19,73.12,69.59,1,8,Yes
4372,Male,21,IT,5.6,65.96,60.89,2,1,No
4373,Male,21,CE,7.38,85.72,76.89,4,3,Yes
4374,Female,24,CSE,8.78,95.69,100,1,1,Yes
4375,Male,23,CSE,7.38,68.71,70.4,4,6,Yes
4376,Female,23,IT,5.51,64.87,68.04,3,2,Yes
4377,Female,24,CE,9.58,92.04,95.82,0,3,Yes
4378,Male,22,ECE,8.24,91.1,94.2,0,4,Yes
4379,Female,22,CSE,5.0,66.38,58.09,2,5,Yes
4380,Female,21,ME,6.51,69.9,70.19,2,4,Yes
4381,Male,24,ECE,8.87,94.62,99.8,0,4,Yes
4382,Male,23,IT,7.06,87.14,89.18,0,5,Yes
4383,Male,25,ECE,9.15,90.77,94.26,0,0,Yes
4384,Male,20,ECE,7.91,75.09,78.29,2,3,Yes
4385,Female,21,CSE,8.72,89.23,93.53,1,6,Yes
4386,Male,22,ECE,7.56,82.95,85.4,1,3,Yes
4387,Female,24,IT,5.0,52.9,51.45,3,5,No
4388,Male,23,ECE,6.52,67.66,62.63,1,4,Yes
4389,Female,23,ECE,7.02,67.15,72.61,0,3,No
4390,Male,21,ECE,6.48,58.8,59.81,0,1,No
4391,Female,22,IT,8.42,96.7,93.38,0,4,Yes
4392,Male,23,ME,7.19,90.18,94.14,1,3,Yes
4393,Male,25,CSE,6.39,72.78,76.18,0,5,Yes
4394,Female,24,ECE,5.0,51.21,54.17,2,2,No
4395,Female,24,CE,5.0,59.51,58.38,4,1,No
4396,Male,23,CSE,8.56,96.38,95.73,3,6,Yes
4397,Male,21,CSE,6.41,86.79,80.53,2,5,Yes
4398,Female,25,CE,5.0,50.34,52.81,2,2,No
4399,Male,23,CSE,5.74,59.68,53.88,2,4,Yes
4400,Female,21,ECE,7.31,67.99,69.41,0,4,Yes
4401,Female,20,CSE,5.16,60.74,52.56,2,4,Yes
4402,Female,20,ECE,6.54,70.63,72.49,3,4,Yes
4403,Male,25,IT,5.2,64.82,69.8,1,4,No
4404,Male,24,EE,5.29,71.32,61.86,0,6,No
4405,Female,24,IT,6.32,75.94,77.04,4,4,Yes
4406,Female,24,CSE,7.46,79.56,80.6,3,4,Yes
4407,Male,21,CSE,5.0,68.24,62.52,1,5,Yes
4408,Male,22,ME,8.58,88.19,90.45,0,0,Yes
4409,Female,25,EE,5.27,69.83,71.91,2,2,No
4410,Male,20,ME,8.25,90.61,91.0,0,4,Yes
4411,Female,25,CSE,5.68,75.86,69.19,1,2,No
4412,Male,23,CSE,7.45,83.17,78.48,4,2,Yes
4413,Female,24,IT,5.0,59.85,59.98,2,3,No
4414,Female,22,CSE,5.86,73.03,72.27,0,5,No
4415,Female,25,ME,6.69,72.92,66.59,0,5,No
4416,Female,25,ME,5.0,60.04,62.72,3,2,Yes
4417,Male,24,CSE,8.45,98.0,95.67,2,4,Yes
4418,Male,24,ECE,5.44,69.42,76.88,1,8,Yes
4419,Male,22,CE,7.57,71.92,75.76,2,2,Yes
4420,Male,22,EE,5.51,63.69,62.41,0,5,No
4421,Female,23,CSE,7.27,70.33,76.81,2,3,Yes
4422,Male,22,IT,5.87,74.05,68.49,1,4,Yes
4423,Female,21,EE,9.4,97.46,97.17,3,5,Yes
4424,Female,22,CSE,7.83,96.23,86.77,1,6,Yes
4425,Male,24,ME,5.0,64.84,62.93,1,5,No
4426,Female,22,CSE,6.02,62.94,53.72,1,4,No
4427,Male,25,IT,5.61,57.34,48.15,2,6,Yes
4428,Male,24,CE,5.05,58.1,64.85,3,3,No
4429,Female,21,CE,5.0,59.15,50.99,0,2,No
4430,Male,24,CSE,6.05,66.18,61.77,1,0,No
4431,Female,21,ECE,5.25,62.72,57.69,3,1,No
4432,Male,20,CSE,6.0,55.67,51.75,0,4,No
4433,Female,22,ECE,7.28,70.03,69.08,0,4,Yes
4434,Male,22,CSE,5.85,75.54,69.53,0,4,Yes
4435,Female,20,CSE,5.89,60.95,56.6,2,0,No
4436,Female,23,CSE,7.33,75.41,67.32,0,2,Yes
4437,Male,23,CSE,7.32,76.56,82.96,1,6,Yes
4438,Female,24,ECE,6.52,78.34,71.75,2,3,Yes
4439,Male,24,CSE,7.63,89.84,94.43,3,3,Yes
4440,Male,25,ECE,6.96,73.67,73.32,2,1,Yes
4441,Female,24,CE,10.0,96.76,100,0,6,Yes
4442,Female,20,CSE,5.96,78.96,72.7,2,2,Yes
4443,Female,20,ECE,8.26,96.16,100,2,7,Yes
4444,Male,25,CSE,8.6,95.52,94.45,1,2,Yes
4445,Male,23,IT,6.17,53.35,59.88,0,3,Yes
4446,Male,20,EE,8.99,94.93,100,2,7,Yes
4447,Male,20,CSE,5.72,55.78,53.55,0,1,No
4448,Female,25,EE,8.47,88.22,93.97,2,2,Yes
4449,Male,24,ME,7.22,74.89,73.81,0,3,No
4450,Male,22,ME,6.28,66.7,64.45,1,4,Yes
4451,Male,20,CE,7.84,84.49,85.89,1,4,Yes
4452,Male,22,CSE,5.77,53.19,56.77,2,0,No
4453,Female,20,CE,8.01,93.61,97.45,2,5,Yes
4454,Female,25,CSE,6.9,79.95,86.28,2,4,Yes
4455,Male,22,CSE,7.6,77.74,74.08,0,5,Yes
4456,Male,24,CSE,8.16,90.56,93.02,1,3,Yes
4457,Female,25,ECE,7.08,90.82,91.11,1,4,Yes
4458,Male,25,EE,5.0,50.79,51.96,3,4,Yes
4459,Male,21,EE,6.82,80.73,75.91,1,1,Yes
4460,Male,20,CSE,8.81,95.97,100,1,4,Yes
4461,Female,25,EE,9.21,93.62,89.38,0,5,Yes
4462,Male,23,CE,5.0,54.16,57.81,2,4,No
4463,Female,22,ECE,5.03,56.25,60.79,1,6,Yes
4464,Female,23,EE,5.0,56.12,52.77,1,3,No
4465,Male,20,CE,7.19,90.27,89.22,0,7,Yes
4466,Male,21,IT,6.95,66.74,70.11,0,3,Yes
4467,Female,22,ECE,7.35,93.05,91.2,4,1,Yes
4468,Male,22,CE,8.92,93.96,89.91,0,1,Yes
4469,Female,20,IT,8.28,97.07,98.3,0,1,Yes
4470,Female,20,ECE,8.88,93.28,99.86,3,6,Yes
4471,Male,22,CE,7.8,81.39,72.74,2,4,Yes
4472,Male,22,EE,8.56,89.22,82.76,1,6,Yes
4473,Male,25,ME,5.4,52.21,45,1,4,No
4474,Male,24,CE,8.64,92.41,98.63,1,4,Yes
4475,Female,24,IT,7.76,92.21,85.14,4,4,Yes
4476,Female,21,EE,7.16,67.72,66.24,2,6,Yes
4477,Male,25,IT,6.06,75.61,75.21,2,3,Yes
4478,Male,22,ME,5.0,56.28,52.07,0,3,No
4479,Female,21,ECE,5.71,66.22,73.95,1,4,Yes
4480,Male,23,CSE,8.69,98.36,96.3,1,3,Yes
4481,Male,24,CE,6.73,64.66,67.38,1,5,Yes
4482,Female,22,CSE,8.25,83.52,88.31,1,3,Yes
4483,Male,25,CSE,5.0,56.29,58.11,2,5,Yes
4484,Male,22,CSE,7.68,81.14,73.33,0,7,Yes
4485,Female,24,IT,5.52,64.99,67.73,3,2,Yes
4486,Female,23,CSE,5.0,56.0,61.32,2,6,Yes
4487,Female,21,EE,7.16,91.26,89.67,2,5,Yes
4488,Male,22,IT,7.5,79.38,75.94,2,5,Yes
4489,Female,25,ECE,6.91,74.82,79.9,1,7,Yes
4490,Female,21,CSE,6.96,78.06,70.82,0,3,Yes
4491,Male,23,CE,7.67,78.59,69.4,0,2,Yes
4492,Female,22,CSE,5.0,52.01,57.85,1,5,No
4493,Female,25,ME,7.15,75.74,80.1,1,3,Yes
4494,Male,23,CSE,7.35,69.73,67.13,2,3,Yes
4495,Female,23,CE,5.48,56.82,62.21,0,6,No
4496,Female,24,CSE,8.22,78.47,85.17,1,6,Yes
4497,Male,22,ME,5.55,56.55,51.26,1,2,No
4498,Male,22,EE,8.0,98.92,96.68,2,6,Yes
4499,Female,20,CE,6.27,76.61,84.4,0,4,No
4500,Female,24,ME,6.13,63.58,69.39,0,4,No
4501,Female,23,IT,5.0,57.55,52.25,3,5,Yes
4502,Female,23,ME,5.13,50.93,50.99,0,3,No
4503,Male,20,EE,8.75,85.6,86.03,2,6,Yes
4504,Female,24,CE,5.29,58.18,59.39,2,7,No
4505,Female,21,CE,5.48,69.3,69.67,1,3,No
4506,Male,24,CSE,7.17,88.63,86.28,2,1,Yes
4507,Female,24,IT,7.13,87.95,95.88,1,4,Yes
4508,Male,23,ME,5.0,59.41,60.35,2,6,No
4509,Female,20,CSE,5.0,54.02,55.0,1,0,No
4510,Female,23,CE,5.36,74.47,67.28,4,4,Yes
4511,Female,24,CE,5.9,54.77,61.58,3,2,Yes
4512,Female,22,ME,9.08,98.06,99.92,0,8,Yes
4513,Male,20,IT,7.13,80.04,80.34,0,3,Yes
4514,Female,23,CSE,8.1,89.25,92.96,1,2,Yes
4515,Male,23,ECE,5.55,71.5,64.35,1,8,No
4516,Female,25,IT,7.71,94.84,92.83,2,3,Yes
4517,Male,22,IT,7.37,80.31,85.31,1,4,Yes
4518,Female,23,CSE,8.27,97.35,94.98,1,5,Yes
4519,Female,23,ME,5.0,51.71,55.32,2,2,No
4520,Male,23,ME,7.83,90.08,95.03,0,5,Yes
4521,Female,22,CSE,5.66,74.31,67.34,1,6,Yes
4522,Female,22,ECE,8.83,89.62,93.99,1,4,Yes
4523,Female,24,EE,8.53,97.65,100,2,5,Yes
4524,Female,22,ME,6.6,81.74,84.64,0,3,Yes
4525,Male,25,CSE,8.39,85.52,87.75,2,3,Yes
4526,Female,22,ME,5.39,61.61,66.1,1,7,Yes
4527,Male,20,IT,6.64,76.07,69.65,3,4,Yes
4528,Female,21,IT,6.58,68.61,76.18,2,2,Yes
4529,Male,23,CSE,7.89,97.41,100,0,6,Yes
4530,Female,25,CSE,5.06,51.44,45,3,3,No
4531,Female,23,EE,5.62,71.16,64.8,1,2,No
4532,Female,23,ME,8.38,86.53,80.99,4,6,Yes
4533,Female,24,ECE,5.7,55.46,56.16,2,5,No
4534,Female,20,ME,5.0,51.04,52.35,1,4,No
4535,Female,20,IT,9.48,97.86,92.58,1,4,Yes
4536,Male,21,ME,5.0,51.06,45,3,3,No
4537,Male,23,ECE,6.32,60.31,56.46,3,4,Yes
4538,Female,23,CSE,7.2,87.27,77.79,1,3,Yes
4539,Male,20,EE,9.58,94.8,94.55,3,4,Yes
4540,Female,20,ME,6.65,77.93,70.22,1,4,Yes
4541,Female,25,CSE,8.46,86.08,79.81,1,7,Yes
4542,Male,25,ECE,7.72,97.98,96.79,0,5,Yes
4543,Female,20,CE,7.87,90.11,84.92,4,4,Yes
4544,Female,22,ECE,6.96,85.81,85.03,0,2,Yes
4545,Male,21,ECE,8.86,92.44,94.32,0,2,Yes
4546,Male,21,ECE,7.79,80.1,73.5,1,5,Yes
4547,Female,23,ME,5.0,62.56,65.87,1,4,No
4548,Male,22,CE,9.06,98.7,100,2,6,Yes
4549,Female,20,CSE,5.28,59.12,60.38,3,3,Yes
4550,Female,21,IT,7.43,80.62,71.59,0,6,Yes
4551,Female,24,CE,6.55,82.26,79.5,0,4,Yes
4552,Female,22,ME,5.0,69.58,64.35,0,3,No
4553,Male,22,CSE,6.84,88.95,80.03,1,7,Yes
4554,Male,25,ECE,6.46,60.54,60.59,0,2,No
4555,Female,24,CSE,5.88,51.91,59.85,3,1,Yes
4556,Male,20,ME,5.51,51.59,45.87,3,3,No
4557,Female,21,CE,6.21,67.59,71.21,1,2,Yes
4558,Female,21,CSE,7.31,85.12,86.61,1,1,Yes
4559,Male,23,CSE,8.55,83.25,87.01,1,2,Yes
4560,Male,20,ECE,5.51,59.05,55.57,2,5,Yes
4561,Female,20,IT,5.0,66.58,57.32,1,4,No
4562,Female,24,IT,5.88,64.86,68.21,0,5,No
4563,Female,22,ECE,6.81,63.8,67.11,2,5,Yes
4564,Male,22,IT,8.22,84.88,75.62,0,7,Yes
4565,Female,22,ME,8.39,79.47,83.87,1,3,Yes
4566,Female,24,ME,5.0,56.57,49.32,1,3,No
4567,Female,23,CSE,6.21,78.15,71.39,2,1,Yes
4568,Male,22,ME,8.06,89.8,84.27,2,0,Yes
4569,Male,22,CE,7.72,79.39,74.51,1,5,Yes
4570,Male,25,ME,5.0,55.17,52.84,1,5,No
4571,Male,21,IT,5.78,78.72,74.9,0,3,No
4572,Female,20,IT,5.38,56.07,48.86,0,1,No
4573,Male,20,CE,8.89,90.03,97.1,0,1,Yes
4574,Female,20,CSE,5.73,63.86,60.42,2,3,Yes
4575,Male,22,CE,8.18,89.27,96.52,1,7,Yes
4576,Male,25,ECE,8.69,97.56,100,0,6,Yes
4577,Female,22,CE,7.41,86.45,78.1,2,1,Yes
4578,Male,22,CE,8.14,83.34,83.4,0,5,Yes
4579,Male,23,ECE,8.87,93.47,97.48,4,6,Yes
4580,Male,24,ECE,8.73,97.21,96.53,1,4,Yes
4581,Male,22,ME,5.99,77.04,77.79,1,2,No
4582,Male,20,CSE,8.29,84.7,87.05,2,7,Yes
4583,Male,20,CSE,5.0,50.12,52.16,1,3,No
4584,Female,20,ECE,6.67,80.13,79.64,3,4,Yes
4585,Male,23,ECE,6.77,62.17,68.05,2,5,Yes
4586,Male,25,CSE,5.72,64.4,67.77,1,2,Yes
4587,Male,22,ME,5.0,62.63,64.3,2,2,No
4588,Female,23,CSE,7.24,79.1,80.82,2,4,Yes
4589,Female,22,ECE,5.0,58.27,55.26,0,7,No
4590,Female,21,CE,6.53,77.88,80.54,2,3,Yes
4591,Male,21,CSE,6.35,63.68,70.63,2,4,Yes
4592,Female,24,ME,5.74,63.15,70.34,1,8,Yes
4593,Female,20,EE,7.29,76.35,81.47,2,2,Yes
4594,Female,25,CSE,5.39,68.8,67.63,0,3,No
4595,Female,22,CSE,5.62,68.95,71.77,1,6,Yes
4596,Female,22,ECE,6.57,61.99,68.7,1,3,Yes
4597,Female,25,ME,7.9,82.47,84.2,2,3,Yes
4598,Male,24,EE,5.0,52.65,49.0,2,6,No
4599,Male,23,CSE,5.0,62.52,63.35,1,2,No
4600,Male,20,CSE,5.53,71.29,64.76,1,0,No
4601,Male,25,ECE,5.41,71.71,69.92,1,1,No
4602,Female,20,ECE,7.3,75.86,77.93,2,3,Yes
4603,Male,22,ME,5.51,76.82,67.71,1,2,No
4604,Male,24,ECE,8.58,95.53,100,4,2,Yes
4605,Female,25,CSE,5.56,63.68,57.41,0,0,No
4606,Female,24,CE,6.59,86.1,84.94,0,4,Yes
4607,Male,25,ME,9.21,95.0,95.45,1,4,Yes
4608,Male,20,EE,5.13,67.22,68.39,0,2,No
4609,Female,21,CSE,8.17,96.17,86.28,2,5,Yes
4610,Male,23,CSE,7.73,79.17,71.93,0,3,Yes
4611,Male,21,ME,5.0,55.4,63.37,2,0,No
4612,Female,23,IT,7.54,89.19,82.42,1,6,Yes
4613,Male,20,CE,7.45,97.43,93.55,2,2,Yes
4614,Male,23,ECE,5.0,56.8,47.77,2,3,No
4615,Male,22,CSE,5.83,50.38,57.66,2,6,Yes
4616,Male,20,IT,5.0,50.13,48.45,0,2,No
4617,Male,23,ECE,6.48,83.72,77.37,0,5,Yes
4618,Female,25,CE,5.0,50.82,56.39,1,4,No
4619,Male,23,IT,8.58,90.07,96.2,0,6,Yes
4620,Male,21,CSE,6.61,69.4,64.17,2,4,Yes
4621,Female,24,CSE,8.33,85.32,80.8,2,1,Yes
4622,Male,20,ME,5.0,54.83,55.75,1,3,No
4623,Female,21,ME,5.12,50.32,49.0,2,2,No
4624,Male,24,ME,8.77,94.09,86.24,1,3,Yes
4625,Female,21,CSE,7.35,72.66,77.57,1,1,Yes
4626,Female,24,CSE,8.03,94.03,99.05,0,6,Yes
4627,Female,20,ECE,7.91,91.19,90.89,0,3,Yes
4628,Male,24,CSE,8.89,96.64,90.9,1,0,Yes
4629,Female,25,IT,5.32,67.79,72.65,1,5,No
4630,Female,20,ECE,5.19,60.38,66.39,1,4,No
4631,Male,22,CSE,6.49,67.17,70.08,3,6,Yes
4632,Female,22,ECE,7.31,95.64,92.27,1,7,Yes
4633,Male,24,CSE,5.0,58.82,49.04,2,3,No
4634,Female,23,CSE,5.96,82.42,75.3,0,7,Yes
4635,Male,25,ME,5.0,53.18,53.28,3,5,No
4636,Female,21,ECE,5.0,50.16,51.85,2,0,No
4637,Female,20,CSE,5.48,59.62,52.07,2,4,No
4638,Female,25,EE,6.72,75.67,74.04,1,0,No
4639,Female,21,EE,6.04,74.82,80.68,1,3,Yes
4640,Female,23,IT,5.0,51.38,50.22,1,4,No
4641,Female,25,CSE,5.69,79.05,72.06,3,6,Yes
4642,Male,23,CSE,9.84,95.45,100,2,5,Yes
4643,Female,24,CSE,5.0,52.2,51.13,1,2,No
4644,Male,25,ECE,5.0,67.79,59.96,0,5,No
4645,Male,22,ECE,8.19,79.75,76.48,3,4,Yes
4646,Female,22,CSE,5.59,61.52,58.48,1,1,No
4647,Female,20,EE,5.0,53.02,49.86,2,1,No
4648,Male,24,CSE,5.63,70.59,71.12,1,4,No
4649,Male,24,ECE,5.01,60.62,56.4,0,5,No
4650,Male,21,CSE,8.37,91.31,84.51,0,4,Yes
4651,Male,23,CSE,6.51,74.7,66.75,1,6,Yes
4652,Male,22,CSE,6.58,61.31,68.83,0,2,No
4653,Male,23,IT,8.97,95.7,99.98,1,5,Yes
4654,Male,25,EE,6.69,65.5,72.88,1,3,Yes
4655,Male,22,CSE,7.93,94.82,96.87,2,2,Yes
4656,Female,20,CSE,6.65,66.19,62.52,0,7,Yes
4657,Female,24,CSE,8.31,88.57,85.42,1,4,Yes
4658,Male,24,CSE,5.1,59.77,51.58,3,5,Yes
4659,Female,24,IT,5.0,50.81,51.12,2,4,No
4660,Male,20,CSE,6.37,85.13,75.41,1,5,Yes
4661,Female,22,CSE,7.82,78.64,70.71,0,4,Yes
4662,Male,25,EE,7.85,79.95,86.84,0,2,Yes
4663,Female,21,IT,8.66,97.59,93.37,2,6,Yes
4664,Male,25,ECE,7.75,91.9,87.29,0,1,Yes
4665,Male,25,CSE,5.15,59.18,64.16,1,3,No
4666,Female,20,ME,5.49,66.74,61.25,2,2,No
4667,Female,20,ECE,7.84,92.14,95.65,1,2,Yes
4668,Male,24,CE,8.38,90.83,85.5,2,1,Yes
4669,Female,24,ECE,8.62,98.28,89.21,2,1,Yes
4670,Male,22,EE,6.71,86.17,89.49,0,2,No
4671,Male,20,IT,5.0,52.04,52.97,2,1,No
4672,Female,22,CSE,5.0,60.7,54.25,2,0,No
4673,Female,24,ME,5.55,53.3,59.59,3,4,Yes
4674,Female,25,IT,5.22,73.2,66.27,1,5,No
4675,Male,20,ME,7.42,92.28,93.86,1,4,Yes
4676,Male,20,IT,5.23,63.93,67.45,1,3,No
4677,Female,24,CSE,5.07,55.93,61.31,0,6,No
4678,Female,20,CSE,5.0,64.8,55.57,3,4,Yes
4679,Male,24,ECE,6.97,75.51,72.77,1,5,Yes
4680,Male,24,CSE,7.74,82.44,80.67,3,7,Yes
4681,Male,22,EE,8.52,78.26,86.19,0,1,Yes
4682,Female,20,CSE,5.0,53.02,48.68,0,3,No
4683,Female,21,IT,8.34,76.61,83.42,2,1,Yes
4684,Female,22,IT,7.59,96.19,94.77,0,5,Yes
4685,Male,21,CE,8.06,97.41,100,1,3,Yes
4686,Male,23,CSE,8.52,87.87,89.01,2,4,Yes
4687,Female,24,ECE,8.39,84.6,90.8,3,3,Yes
4688,Female,23,ECE,5.03,56.57,47.28,0,2,No
4689,Male,21,EE,7.22,93.24,89.91,2,5,Yes
4690,Female,23,CE,6.07,57.09,61.46,0,2,No
4691,Male,20,ECE,8.65,89.73,97.53,0,2,Yes
4692,Male,25,CE,7.49,84.77,78.98,2,2,Yes
4693,Female,21,ME,6.17,75.05,68.48,0,4,No
4694,Female,24,EE,7.87,75.28,73.89,3,2,Yes
4695,Male,23,ME,5.74,61.32,60.7,1,1,No
4696,Male,24,ECE,7.12,83.05,84.76,1,3,Yes
4697,Male,23,CE,8.4,98.84,88.9,0,4,Yes
4698,Female,24,IT,8.09,78.32,79.34,0,3,Yes
4699,Male,23,CSE,5.0,53.46,53.3,1,4,No
4700,Female,22,ECE,6.75,86.25,81.25,3,4,Yes
4701,Male,21,EE,7.46,86.38,87.4,0,3,Yes
4702,Male,25,EE,7.9,94.92,85.39,1,1,Yes
4703,Female,23,CSE,6.8,87.06,90.27,3,5,Yes
4704,Male,23,CE,7.58,94.37,86.9,1,5,Yes
4705,Female,23,ME,8.14,96.93,100,4,4,Yes
4706,Female,20,CSE,5.16,53.93,45.07,1,4,No
4707,Female,22,CE,6.2,65.05,63.03,2,6,Yes
4708,Male,21,ECE,5.31,65.54,66.0,3,6,Yes
4709,Male,24,ME,5.0,60.09,67.92,0,4,No
4710,Female,20,ME,8.68,85.87,81.89,3,4,Yes
4711,Male,24,CSE,7.58,89.26,83.64,1,3,Yes
4712,Male,20,CSE,7.0,74.54,70.02,0,1,No
4713,Male,23,CSE,7.1,81.09,79.56,2,2,Yes
4714,Male,24,ECE,7.85,92.23,97.6,0,0,Yes
4715,Male,23,CSE,6.6,85.49,81.01,0,3,Yes
4716,Female,22,ME,5.0,50.1,45,0,2,No
4717,Female,23,ECE,5.84,56.52,59.49,4,5,Yes
4718,Male,22,IT,7.52,92.17,94.63,0,3,Yes
4719,Female,24,CE,6.98,77.41,77.89,1,6,Yes
4720,Male,25,ECE,5.74,68.18,59.32,1,1,No
4721,Female,20,ECE,7.42,78.11,79.18,2,0,Yes
4722,Male,22,IT,7.47,78.76,74.5,1,4,Yes
4723,Female,23,ME,5.26,60.94,52.98,2,3,No
4724,Female,22,EE,5.44,51.96,53.23,1,3,No
4725,Male,21,CE,5.65,55.2,62.92,0,3,No
4726,Male,22,ME,7.52,79.45,83.26,1,4,Yes
4727,Male,23,CSE,5.67,65.39,62.96,0,1,No
4728,Female,22,CSE,5.67,77.39,72.41,3,3,Yes
4729,Female,21,EE,6.82,63.08,69.95,1,7,Yes
4730,Female,23,ECE,7.6,84.23,83.29,4,4,Yes
4731,Female,25,CSE,9.45,97.7,89.61,2,3,Yes
4732,Female,22,CSE,8.26,87.05,82.64,0,1,Yes
4733,Male,25,ECE,6.27,82.76,82.43,3,1,Yes
4734,Female,22,ECE,5.72,70.03,61.5,4,1,Yes
4735,Female,22,ME,7.76,97.1,88.17,1,3,Yes
4736,Male,20,ECE,5.5,72.84,63.09,1,5,Yes
4737,Female,21,ME,5.0,51.43,45.83,1,3,No
4738,Female,23,EE,6.27,62.56,67.16,2,4,No
4739,Female,21,ECE,5.17,54.95,53.3,3,4,Yes
4740,Male,23,ME,5.0,57.88,56.29,1,1,No
4741,Male,20,ECE,6.8,87.62,82.81,0,2,Yes
4742,Male,22,CSE,7.34,88.57,81.56,0,5,Yes
4743,Male,21,CE,7.06,72.55,66.11,1,3,Yes
4744,Male,25,IT,6.88,68.62,64.29,2,2,Yes
4745,Male,20,EE,6.19,55.56,60.61,2,0,No
4746,Male,25,IT,5.54,78.57,69.52,3,2,Yes
4747,Male,21,EE,7.04,70.77,77.46,3,5,Yes
4748,Male,22,EE,5.0,65.48,63.12,1,7,No
4749,Female,24,EE,5.81,65.24,68.46,2,4,Yes
4750,Male,21,ECE,8.26,87.92,93.72,0,4,Yes
4751,Female,20,ECE,6.5,63.22,64.24,2,7,Yes
4752,Male,21,IT,5.5,68.15,62.29,0,2,No
4753,Female,22,ME,5.0,58.4,57.72,3,3,No
4754,Male,25,ECE,7.66,78.71,84.6,1,2,Yes
4755,Female,22,CE,6.34,67.55,62.6,1,3,No
4756,Female,24,IT,7.29,88.92,83.34,1,1,Yes
4757,Male,24,ME,8.55,95.27,92.29,0,5,Yes
4758,Female,21,ECE,8.06,79.09,83.22,1,6,Yes
4759,Female,23,CSE,5.52,54.93,47.11,1,3,No
4760,Male,22,ME,7.36,79.55,70.33,0,6,Yes
4761,Female,21,CSE,5.92,80.98,75.53,1,3,Yes
4762,Female,20,EE,5.21,64.54,56.78,0,1,No
4763,Female,25,EE,6.97,83.93,84.45,2,4,Yes
4764,Female,21,ECE,7.72,78.09,70.89,1,5,Yes
4765,Female,24,IT,5.49,62.87,69.55,2,6,Yes
4766,Male,23,ME,8.59,92.92,86.04,2,3,Yes
4767,Female,25,ME,5.42,71.53,63.45,3,7,Yes
4768,Male,21,ECE,6.66,60.22,65.74,1,1,No
4769,Female,25,CSE,7.25,82.65,90.26,3,3,Yes
4770,Male,24,IT,8.17,74.73,81.96,1,7,Yes
4771,Female,24,EE,5.51,57.93,56.51,2,3,No
4772,Female,24,CE,9.62,96.42,94.38,1,3,Yes
4773,Male,21,IT,5.31,62.98,69.37,2,6,Yes
4774,Female,25,ECE,9.44,97.21,98.15,1,1,Yes
4775,Male,20,CSE,5.0,50.07,48.01,1,6,No
4776,Female,25,ECE,9.42,96.86,97.11,4,7,Yes
4777,Female,20,IT,6.95,67.47,61.95,1,0,Yes
4778,Male,24,ECE,6.01,51.49,56.07,0,4,No
4779,Male,21,CSE,5.0,56.38,54.95,3,7,Yes
4780,Male,20,CE,7.88,87.59,89.91,3,3,Yes
4781,Female,20,ECE,5.25,70.19,73.08,0,2,No
4782,Female,23,CSE,5.4,57.67,61.23,2,8,Yes
4783,Male,25,EE,6.31,77.94,81.84,0,5,Yes
4784,Female,24,ECE,6.29,72.76,69.07,1,4,No
4785,Male,24,ECE,5.0,52.78,50.59,2,7,No
4786,Male,25,CSE,7.75,96.39,100,1,4,Yes
4787,Male,25,ME,5.65,65.9,68.19,4,4,Yes
4788,Male,22,CSE,6.74,80.31,86.67,0,3,Yes
4789,Male,23,CSE,6.31,71.03,67.13,0,5,No
4790,Male,21,EE,6.77,63.25,65.17,2,5,Yes
4791,Male,23,ME,5.0,62.78,56.26,3,6,Yes
4792,Male,25,ME,5.0,68.51,63.13,1,4,No
4793,Female,24,ECE,9.44,90.86,97.71,3,4,Yes
4794,Female,20,CSE,7.56,81.64,88.51,0,3,Yes
4795,Male,24,CSE,7.98,78.37,78.05,0,3,Yes
4796,Male,24,CSE,7.56,91.33,89.09,2,4,Yes
4797,Female,22,CE,7.59,98.34,96.23,1,2,Yes
4798,Female,23,IT,7.96,89.29,94.37,2,2,Yes
4799,Female,24,CSE,5.72,52.46,59.93,4,4,Yes
4800,Male,21,CE,7.24,88.04,80.16,3,8,Yes
4801,Male,21,CSE,7.15,77.08,73.23,3,3,Yes
4802,Male,21,EE,5.19,58.9,62.86,0,4,No
4803,Male,22,CE,8.17,89.75,83.58,0,7,Yes
4804,Female,22,CSE,8.59,94.6,89.03,1,2,Yes
4805,Male,25,CE,6.19,63.08,69.1,3,6,Yes
4806,Female,20,ME,6.79,89.26,86.93,1,3,Yes
4807,Female,21,ME,5.0,51.54,45,1,5,No
4808,Female,22,CSE,7.13,77.43,68.91,2,6,Yes
4809,Female,23,ECE,9.58,92.87,99.19,2,5,Yes
4810,Female,22,CE,7.17,90.83,88.7,0,5,Yes
4811,Male,22,CSE,7.3,74.79,80.67,1,5,Yes
4812,Male,21,IT,6.94,84.73,87.08,2,1,Yes
4813,Female,24,ME,8.05,75.68,80.81,0,4,Yes
4814,Male,20,CSE,7.68,97.52,99.43,2,7,Yes
4815,Female,23,ECE,8.41,88.96,80.24,2,1,Yes
4816,Female,23,IT,5.91,64.54,62.06,0,1,No
4817,Female,25,IT,7.33,71.57,68.78,2,7,Yes
4818,Male,22,ME,8.4,85.26,82.19,1,3,Yes
4819,Male,24,EE,7.93,95.49,100,1,3,Yes
4820,Male,23,IT,5.87,64.09,65.31,1,4,Yes
4821,Female,23,IT,6.24,86.28,78.83,0,5,Yes
4822,Male,24,CSE,8.51,90.52,88.93,2,3,Yes
4823,Male,23,ME,6.11,56.84,54.31,0,0,No
4824,Female,22,CSE,5.0,59.51,59.3,1,6,No
4825,Male,20,CSE,5.0,55.49,61.13,0,3,No
4826,Male,24,ECE,5.91,68.21,70.75,1,1,No
4827,Male,24,ECE,6.62,62.39,60.58,0,1,No
4828,Female,24,CSE,5.85,74.58,77.41,0,3,No
4829,Male,24,ECE,7.74,92.96,94.79,2,5,Yes
4830,Female,25,ECE,7.4,82.55,73.78,3,3,Yes
4831,Female,25,CSE,6.3,80.12,80.62,2,5,Yes
4832,Female,24,IT,5.9,73.06,75.73,0,5,Yes
4833,Male,21,ECE,8.48,92.14,97.2,1,2,Yes
4834,Female,24,CE,5.0,52.38,57.01,2,7,Yes
4835,Female,24,ME,7.41,83.3,91.24,2,4,Yes
4836,Male,24,CE,5.24,72.26,64.08,2,5,Yes
4837,Female,25,CSE,5.46,67.24,71.58,1,8,Yes
4838,Female,21,CSE,5.44,69.14,66.79,2,4,Yes
4839,Male,24,CSE,5.0,59.24,51.61,0,4,No
4840,Male,20,EE,6.43,65.38,72.38,1,2,Yes
4841,Female,20,CSE,6.15,63.87,59.23,1,3,No
4842,Female,25,ECE,6.74,86.14,80.58,0,4,Yes
4843,Female,23,CSE,6.25,62.98,53.05,0,0,No
4844,Male,20,EE,5.85,58.52,60.72,0,7,No
4845,Male,25,EE,5.91,73.99,70.37,1,3,No
4846,Male,21,IT,5.66,65.19,71.87,3,2,Yes
4847,Male,22,CE,5.97,62.11,56.02,2,1,No
4848,Male,20,ME,9.61,97.12,93.34,0,6,Yes
4849,Male,21,ECE,7.21,71.4,69.91,1,4,Yes
4850,Male,22,ME,7.23,73.18,67.05,1,6,Yes
4851,Female,20,CSE,7.72,95.03,97.43,4,3,Yes
4852,Female,22,IT,6.56,82.73,74.31,0,5,Yes
4853,Female,21,CE,5.0,51.65,58.32,2,4,No
4854,Male,25,CSE,6.38,62.32,59.41,1,2,No
4855,Male,24,ME,5.12,70.5,62.17,2,8,Yes
4856,Female,23,EE,5.36,58.09,64.1,2,2,No
4857,Male,25,ECE,8.41,93.24,91.27,2,1,Yes
4858,Male,24,ME,5.23,60.68,50.94,3,4,No
4859,Female,22,ECE,8.31,92.16,93.78,1,3,Yes
4860,Female,20,ECE,6.65,77.08,72.64,0,2,Yes
4861,Female,21,CSE,5.98,64.07,60.88,4,4,Yes
4862,Male,20,IT,7.55,86.68,89.91,1,3,Yes
4863,Female,20,ME,6.96,75.22,67.17,4,3,Yes
4864,Male,24,IT,6.66,78.42,74.31,0,7,Yes
4865,Female,21,EE,5.52,71.94,67.61,2,5,Yes
4866,Female,20,CSE,5.0,57.83,65.3,0,2,No
4867,Female,25,IT,6.71,85.3,83.46,1,3,Yes
4868,Male,23,IT,5.0,52.81,53.95,1,2,No
4869,Male,24,CSE,5.0,50.79,54.81,2,3,No
4870,Male,21,CSE,7.41,81.26,71.85,2,7,Yes
4871,Male,21,ECE,5.24,51.25,55.74,2,5,No
4872,Male,24,ECE,9.08,95.76,97.63,2,3,Yes
4873,Male,23,ECE,6.9,65.22,62.41,1,3,Yes
4874,Male,25,ME,7.05,83.32,83.49,1,4,Yes
4875,Female,25,CSE,5.56,66.02,66.45,2,2,Yes
4876,Male,23,ECE,8.96,91.66,85.45,0,3,Yes
4877,Male,25,CE,8.94,85.17,91.05,2,4,Yes
4878,Female,25,EE,6.68,72.91,66.37,0,4,Yes
4879,Female,23,IT,5.47,52.25,45,1,5,No
4880,Male,23,ME,6.32,69.4,68.44,2,5,Yes
4881,Female,24,CE,6.4,63.32,57.83,1,0,No
4882,Female,25,EE,7.96,80.51,72.01,2,3,Yes
4883,Male,22,CSE,7.94,91.65,99.2,2,6,Yes
4884,Male,20,IT,7.35,86.32,81.14,0,1,Yes
4885,Female,23,CE,7.66,79.52,83.65,2,5,Yes
4886,Female,21,CSE,6.96,89.19,80.57,1,3,Yes
4887,Female,21,ECE,6.86,67.83,61.72,0,6,Yes
4888,Female,25,CSE,7.14,87.63,88.32,0,0,Yes
4889,Male,23,ECE,5.0,51.71,45,2,6,Yes
4890,Male,23,ECE,6.67,65.69,71.96,0,5,Yes
4891,Female,25,CE,7.83,86.69,93.81,1,7,Yes
4892,Female,22,ME,5.92,75.95,70.58,3,6,Yes
4893,Male,20,IT,7.75,85.22,80.7,0,8,Yes
4894,Female,24,ECE,5.87,56.54,49.07,3,6,Yes
4895,Female,25,CE,8.12,85.23,75.4,3,2,Yes
4896,Female,20,CSE,5.44,60.04,52.08,0,3,No
4897,Female,21,CSE,5.01,53.73,47.93,2,2,No
4898,Male,21,EE,5.0,52.1,45.05,0,3,No
4899,Male,24,CE,7.2,86.51,79.52,2,1,Yes
4900,Male,24,CSE,8.32,89.36,97.13,2,4,Yes
4901,Female,20,CSE,5.0,54.7,48.1,1,2,No
4902,Female,21,CSE,6.96,80.12,75.5,2,7,Yes
4903,Female,22,CE,5.0,50.58,54.83,1,5,No
4904,Male,23,IT,5.89,65.67,65.17,0,2,No
4905,Male,21,ME,6.89,74.71,72.56,0,0,No
4906,Male,20,EE,7.11,69.24,71.12,1,4,Yes
4907,Female,20,CSE,8.28,94.24,92.19,1,3,Yes
4908,Male,21,ECE,6.11,55.77,58.18,0,3,No
4909,Male,21,CSE,5.81,70.93,64.45,0,6,Yes
4910,Male,21,IT,6.29,69.66,60.82,2,6,Yes
4911,Male,20,EE,6.08,72.58,74.61,1,5,Yes
4912,Male,24,ECE,7.77,96.65,98.0,3,5,Yes
4913,Male,25,EE,5.0,51.24,52.66,0,2,No
4914,Male,24,CSE,6.48,56.09,64.03,1,6,Yes
4915,Male,25,IT,6.92,71.51,77.75,1,2,Yes
4916,Male,23,CSE,5.0,57.51,49.21,1,7,No
4917,Female,20,CSE,5.0,57.48,51.18,2,3,No
4918,Male,21,ECE,6.46,82.2,78.01,0,4,Yes
4919,Female,25,CSE,5.63,63.12,63.27,0,5,No
4920,Female,21,EE,8.38,92.94,86.36,1,3,Yes
4921,Male,25,CE,5.0,51.47,56.15,1,4,No
4922,Female,24,IT,5.62,68.82,68.43,2,2,Yes
4923,Male,23,ME,6.4,66.99,69.77,1,4,Yes
4924,Male,21,ECE,5.66,66.34,73.99,0,3,No
4925,Male,21,CSE,5.0,55.11,52.74,2,1,No
4926,Male,22,IT,6.79,59.62,65.5,0,6,Yes
4927,Male,24,ECE,5.0,58.92,52.83,0,2,No
4928,Female,20,ME,7.99,93.32,100,3,7,Yes
4929,Male,22,CSE,6.99,78.22,73.49,1,2,Yes
4930,Male,24,ECE,6.71,64.66,70.07,1,4,Yes
4931,Male,24,CSE,9.3,97.96,95.3,2,2,Yes
4932,Male,21,ECE,7.9,93.04,100,1,2,Yes
4933,Female,24,ECE,7.02,74.3,78.06,0,2,No
4934,Male,20,CSE,9.62,98.1,99.82,0,2,Yes
4935,Male,25,CE,5.79,52.39,59.63,1,2,No
4936,Female,20,EE,5.81,54.5,49.02,3,2,No
4937,Female,23,CE,7.18,65.12,68.53,2,7,Yes
4938,Male,23,ME,5.61,78.93,70.99,2,4,Yes
4939,Female,22,ECE,8.91,93.17,85.82,0,6,Yes
4940,Female,20,IT,5.0,50.44,45,1,3,No
4941,Male,21,IT,5.0,56.8,64.64,0,6,No
4942,Male,23,CSE,8.44,95.49,96.67,4,6,Yes
4943,Female,20,CE,5.0,52.94,49.98,2,4,No
4944,Male,23,EE,8.67,87.38,88.5,2,3,Yes
4945,Male,20,EE,5.0,64.01,59.02,1,0,No
4946,Female,21,CSE,7.48,91.35,97.86,4,4,Yes
4947,Female,22,ME,7.56,84.73,85.52,1,3,Yes
4948,Female,23,EE,6.22,79.83,72.9,1,3,Yes
4949,Female,24,EE,7.83,91.58,85.34,0,3,Yes
4950,Male,24,CSE,5.0,63.36,65.47,0,2,No
4951,Female,21,IT,9.12,89.62,92.98,1,5,Yes
4952,Female,23,IT,5.0,50.74,51.85,1,3,No
4953,Male,23,IT,5.0,54.01,47.1,1,1,No
4954,Male,22,ME,5.0,64.0,55.87,2,6,No
4955,Male,24,IT,7.6,88.52,89.92,1,3,Yes
4956,Female,23,ME,7.78,87.43,94.44,2,5,Yes
4957,Female,22,ME,6.16,65.81,71.94,3,4,Yes
4958,Female,25,CE,5.0,57.58,48.95,1,5,No
4959,Male,23,ME,8.2,91.44,82.36,2,5,Yes
4960,Female,24,ME,8.71,94.48,95.66,2,8,Yes
4961,Male,24,IT,6.96,62.48,68.2,1,1,No
4962,Male,24,IT,5.0,51.86,45,2,3,No
4963,Female,22,CSE,7.73,77.65,73.41,0,5,Yes
4964,Female,21,EE,7.62,79.81,78.49,1,4,Yes
4965,Male,25,ECE,5.04,58.21,53.09,0,3,No
4966,Male,23,CSE,6.77,75.83,74.8,1,4,Yes
4967,Female,24,CE,5.08,59.24,53.17,1,5,No
4968,Male,23,CSE,6.5,62.02,69.76,2,1,Yes
4969,Male,20,ECE,6.45,64.77,62.32,1,4,Yes
4970,Female,21,CSE,5.49,73.09,73.05,0,6,No
4971,Male,23,ECE,8.9,97.85,100,1,3,Yes
4972,Male,23,IT,6.15,67.5,62.88,0,2,Yes
4973,Male,22,ME,7.93,84.09,77.73,2,1,Yes
4974,Male,21,ECE,5.0,68.2,62.43,2,5,No
4975,Male,25,CE,5.3,54.03,50.6,0,8,No
4976,Male,20,ECE,5.0,57.02,51.53,2,3,No
4977,Male,20,IT,8.47,98.95,100,2,3,Yes
4978,Female,23,CE,7.9,77.56,71.96,2,3,Yes
4979,Female,23,CSE,5.0,58.54,53.61,1,3,No
4980,Male,20,CSE,7.61,86.29,90.24,2,3,Yes
4981,Male,24,CSE,6.16,62.96,70.71,3,4,Yes
4982,Female,22,ME,6.13,67.55,59.04,1,4,Yes
4983,Female,22,IT,7.69,90.01,91.83,1,2,Yes
4984,Male,24,CSE,5.18,62.63,70.06,3,8,Yes
4985,Female,23,ECE,6.81,67.91,62.51,2,4,Yes
4986,Male,25,IT,5.0,52.21,58.29,1,0,No
4987,Female,21,IT,5.0,57.02,58.57,0,1,No
4988,Male,25,IT,5.29,53.76,52.46,2,3,No
4989,Female,20,EE,5.0,55.19,46.95,0,3,No
4990,Female,25,CSE,7.81,93.38,89.68,0,3,Yes
4991,Female,25,CE,9.23,92.82,98.47,2,3,Yes
4992,Male,20,CE,8.31,83.32,80.93,1,4,Yes
4993,Female,20,EE,5.8,67.88,65.37,3,3,Yes
4994,Female,20,ECE,6.24,70.61,74.04,1,0,No
4995,Male,20,EE,5.0,55.71,62.03,1,3,No
4996,Male,22,CE,6.86,75.03,71.75,0,1,Yes
4997,Female,23,CE,6.19,72.1,75.4,2,5,Yes
4998,Male,22,ECE,7.54,77.98,82.87,4,5,Yes
4999,Male,21,CSE,5.0,57.94,59.23,0,4,No
5000,Male,22,ME,6.74,85.86,83.46,0,1,Yes
5001,Male,25,ME,5.99,55.42,52.45,2,1,No
5002,Female,21,ECE,7.13,83.43,73.74,2,2,Yes
5003,Male,21,CSE,5.0,50.59,45,0,5,No
5004,Male,24,ME,5.0,58.14,59.08,0,5,No
5005,Female,25,CSE,7.24,91.9,84.77,0,1,Yes
5006,Male,23,IT,8.02,84.04,80.9,1,5,Yes
5007,Male,23,CSE,6.23,77.28,79.71,4,6,Yes
5008,Female,23,ME,7.19,82.96,85.92,2,3,Yes
5009,Male,22,CSE,6.41,81.82,83.78,0,4,Yes
5010,Female,23,ECE,6.67,79.54,84.11,1,3,Yes
5011,Female,24,IT,5.0,58.58,49.91,1,6,No
5012,Male,20,CSE,7.68,97.88,96.72,0,4,Yes
5013,Female,21,ECE,5.0,60.72,62.11,2,4,No
5014,Male,22,CSE,7.45,83.77,90.92,1,1,Yes
5015,Male,25,CSE,6.22,68.09,67.11,1,1,Yes
5016,Female,22,CSE,9.01,91.61,92.82,2,4,Yes
5017,Female,24,CSE,5.21,74.64,67.69,2,3,No
5018,Male,23,IT,7.32,78.14,72.57,1,3,Yes
5019,Male,24,CE,5.96,58.16,50.57,2,1,No
5020,Male,22,EE,8.13,77.61,82.27,4,4,Yes
5021,Male,22,CSE,9.05,91.77,96.43,1,3,Yes
5022,Male,23,CSE,8.77,93.19,99.72,1,4,Yes
5023,Female,20,EE,6.37,78.55,70.18,1,3,Yes
5024,Male,21,ECE,8.16,81.91,85.25,4,5,Yes
5025,Male,20,CE,6.01,78.38,73.51,1,3,No
5026,Female,25,CSE,5.0,51.68,51.24,4,3,No
5027,Male,21,CE,7.75,84.89,84.8,3,2,Yes
5028,Female,23,IT,6.81,73.36,80.97,3,2,Yes
5029,Male,22,ECE,8.52,98.36,95.12,0,4,Yes
5030,Female,22,IT,7.72,92.0,90.83,3,2,Yes
5031,Male,22,CSE,7.21,90.12,83.74,1,5,Yes
5032,Female,22,CSE,6.45,70.86,70.76,2,2,Yes
5033,Female,24,CE,6.88,71.01,63.25,1,8,Yes
5034,Female,21,IT,7.5,93.23,85.53,1,4,Yes
5035,Male,22,ECE,6.76,64.99,70.28,1,6,Yes
5036,Male,25,CSE,5.32,51.25,57.74,4,7,Yes
5037,Male,22,CSE,5.97,71.61,75.26,1,3,No
5038,Male,24,CSE,7.5,78.11,85.56,1,2,Yes
5039,Male,24,IT,5.0,53.32,47.26,4,3,No
5040,Female,25,CSE,8.0,88.85,82.0,0,7,Yes
5041,Male,22,ECE,7.36,92.13,82.39,2,2,Yes
5042,Male,23,EE,8.33,86.18,86.79,0,5,Yes
5043,Male,23,EE,8.55,98.38,95.39,4,3,Yes
5044,Female,24,CE,9.63,93.92,99.0,2,6,Yes
5045,Male,24,ME,6.21,73.05,66.97,1,5,No
5046,Male,24,CSE,5.83,61.7,64.13,0,4,No
5047,Male,20,CSE,6.76,86.85,81.21,0,1,Yes
5048,Female,24,IT,5.0,60.9,65.75,2,4,No
5049,Male,23,IT,5.23,72.16,63.45,2,6,Yes
5050,Female,21,ME,7.13,92.85,83.91,4,8,Yes
5051,Male,20,IT,6.91,80.59,86.94,2,2,Yes
5052,Male,24,ECE,6.63,79.14,80.72,1,4,Yes
5053,Male,23,CSE,9.17,95.25,90.32,1,2,Yes
5054,Female,22,IT,6.32,72.18,75.96,2,8,Yes
5055,Female,24,ECE,9.18,98.17,93.99,2,7,Yes
5056,Male,20,ME,6.77,67.9,59.78,2,3,Yes
5057,Female,21,ECE,5.65,66.87,62.63,2,3,No
5058,Male,25,IT,7.48,92.42,100,2,2,Yes
5059,Female,24,CSE,5.76,71.26,73.91,1,4,Yes
5060,Male,25,IT,6.9,86.53,82.72,0,2,Yes
5061,Male,22,EE,8.71,93.4,85.89,1,3,Yes
5062,Female,22,EE,8.9,91.81,98.7,1,4,Yes
5063,Female,21,CE,9.92,98.77,100,1,3,Yes
5064,Female,23,ME,8.74,85.05,87.43,1,7,Yes
5065,Male,23,EE,5.0,58.81,64.87,1,2,No
5066,Female,22,ECE,8.47,87.11,90.65,1,1,Yes
5067,Male,20,ME,6.4,57.6,60.63,0,5,Yes
5068,Female,25,CSE,7.75,75.01,77.56,2,6,Yes
5069,Male,24,CSE,7.68,85.88,92.29,1,2,Yes
5070,Female,22,ECE,6.51,75.96,82.56,1,0,Yes
5071,Male,21,CSE,7.33,94.32,87.17,1,3,Yes
5072,Female,22,CE,8.3,78.4,81.99,1,1,Yes
5073,Male,25,ECE,5.49,56.82,50.32,2,1,No
5074,Female,23,CE,5.97,65.37,60.63,1,3,No
5075,Male,24,CSE,5.0,50.99,45,1,4,No
5076,Female,23,ECE,7.38,92.88,86.72,1,2,Yes
5077,Male,20,CSE,6.01,57.73,54.82,1,0,No
5078,Female,23,IT,5.0,52.41,57.27,3,3,No
5079,Female,23,ME,6.3,61.74,67.1,3,4,Yes
5080,Male,25,CE,5.46,54.8,52.22,1,8,Yes
5081,Male,22,ME,5.0,65.0,60.22,2,3,No
5082,Female,23,CSE,8.92,93.86,90.2,0,0,Yes
5083,Male,20,IT,7.62,98.14,95.6,2,1,Yes
5084,Female,22,IT,5.0,50.86,45,2,2,No
5085,Female,25,IT,7.87,90.21,96.44,4,3,Yes
5086,Male,22,IT,7.71,73.06,79.8,0,1,Yes
5087,Female,25,CSE,8.81,93.95,97.89,1,5,Yes
5088,Male,20,ME,6.81,81.47,71.75,0,4,No
5089,Male,25,CSE,5.2,66.96,73.7,1,3,No
5090,Male,21,EE,6.87,88.03,87.02,1,5,Yes
5091,Female,20,CSE,9.24,95.04,100,1,5,Yes
5092,Male,21,ECE,7.11,82.9,82.78,2,0,Yes
5093,Female,22,CSE,8.6,91.39,97.1,0,5,Yes
5094,Male,22,CE,8.36,91.7,95.37,0,5,Yes
5095,Female,20,CSE,6.29,79.44,73.73,4,5,Yes
5096,Female,21,ECE,8.05,79.42,84.07,0,2,Yes
5097,Male,25,ME,5.91,73.61,70.68,1,4,No
5098,Female,22,ME,5.0,50.94,45,1,2,No
5099,Female,25,CSE,5.18,56.27,57.95,2,3,No
5100,Female,25,ECE,6.52,74.28,66.18,2,1,No
5101,Male,23,CSE,5.0,52.91,45,1,4,No
5102,Male,20,ECE,6.9,73.74,68.27,0,5,Yes
5103,Male,24,EE,8.11,94.85,94.39,3,5,Yes
5104,Female,24,IT,5.0,68.47,58.56,1,5,No
5105,Female,23,CSE,5.26,57.25,57.3,0,4,No
5106,Female,22,ME,6.13,56.51,56.11,2,0,No
5107,Male,22,CSE,5.11,50.89,48.02,1,8,No
5108,Female,23,IT,5.0,64.19,64.25,2,1,No
5109,Male,20,ECE,5.51,57.32,62.34,0,2,No
5110,Male,24,ME,8.68,96.39,90.53,0,7,Yes
5111,Male,24,IT,7.78,86.28,92.16,1,4,Yes
5112,Male,24,ME,9.04,93.1,88.33,0,2,Yes
5113,Male,25,IT,8.56,97.94,92.84,2,4,Yes
5114,Male,24,CE,5.0,51.95,59.64,0,3,No
5115,Male,22,ECE,8.13,96.34,90.53,2,0,Yes
5116,Female,20,IT,5.78,60.07,66.22,2,4,Yes
5117,Male,25,CSE,8.19,89.71,92.41,3,3,Yes
5118,Female,20,ECE,6.38,84.96,77.87,2,4,Yes
5119,Female,20,EE,6.88,70.79,77.41,1,4,Yes
5120,Male,22,ME,5.65,55.82,50.57,1,4,No
5121,Male,20,CE,6.87,68.87,73.44,1,1,Yes
5122,Female,24,ME,5.33,58.15,56.98,2,4,No
5123,Female,22,ECE,7.98,83.01,74.16,0,4,Yes
5124,Female,25,CE,7.46,88.14,93.9,2,1,Yes
5125,Male,23,CSE,6.45,75.95,72.58,1,3,Yes
5126,Female,22,CSE,7.32,84.79,90.04,1,0,Yes
5127,Male,23,IT,5.31,52.21,46.5,0,5,No
5128,Female,23,ME,6.64,79.76,72.62,2,2,Yes
5129,Female,22,ME,5.06,64.97,63.13,1,8,Yes
5130,Female,25,ECE,9.02,93.91,90.66,2,4,Yes
5131,Female,23,EE,8.55,92.97,100,3,4,Yes
5132,Female,25,CE,8.67,82.68,85.77,1,1,Yes
5133,Female,21,CE,7.8,86.5,79.07,1,5,Yes
5134,Male,20,ECE,5.88,59.56,56.78,0,2,No
5135,Male,20,CE,5.76,57.73,54.52,0,1,No
5136,Male,23,ME,6.88,72.78,65.44,0,1,No
5137,Male,25,ME,5.78,72.97,70.87,4,0,Yes
5138,Female,21,CE,6.79,72.47,72.72,0,2,No
5139,Female,23,CE,7.21,69.95,67.11,0,6,Yes
5140,Female,22,CSE,6.06,53.52,55.05,1,3,No
5141,Male,23,CSE,6.29,70.51,75.38,1,6,Yes
5142,Female,25,CSE,8.08,80.4,77.43,1,5,Yes
5143,Female,21,IT,5.03,53.17,47.8,3,3,No
5144,Male,25,CSE,7.84,89.88,87.66,1,3,Yes
5145,Male,25,EE,6.15,63.61,64.9,2,3,Yes
5146,Male,21,EE,8.47,96.31,95.32,0,4,Yes
5147,Female,20,CSE,7.94,97.38,87.96,0,1,Yes
5148,Female,24,ME,8.04,94.72,94.8,1,3,Yes
5149,Male,20,ECE,8.39,98.65,94.91,1,3,Yes
5150,Female,22,CSE,6.92,69.53,68.4,1,1,Yes
5151,Female,24,ECE,8.58,91.69,94.27,2,7,Yes
5152,Male,21,ME,5.0,62.08,59.84,2,3,No
5153,Male,23,ME,8.72,96.62,100,4,1,Yes
5154,Male,24,CSE,6.73,66.39,57.59,1,2,Yes
5155,Male,22,ECE,5.5,50.97,45,1,2,No
5156,Male,20,IT,6.28,83.48,74.87,2,6,Yes
5157,Male,21,CSE,8.15,83.08,77.79,1,5,Yes
5158,Female,20,CSE,6.66,75.87,67.82,1,4,Yes
5159,Male,24,ECE,8.39,97.4,91.92,2,3,Yes
5160,Female,25,EE,6.51,85.93,78.08,1,1,Yes
5161,Female,20,EE,6.4,75.54,65.87,2,4,Yes
5162,Female,24,CSE,5.0,55.92,46.21,2,0,No
5163,Female,25,CSE,6.98,85.36,76.23,3,2,Yes
5164,Male,25,ECE,8.39,89.3,89.93,4,5,Yes
5165,Male,25,IT,5.0,64.87,55.27,2,2,Yes
5166,Male,23,CE,7.48,90.64,94.6,0,5,Yes
5167,Male,24,ME,5.82,69.43,62.29,2,4,Yes
5168,Female,22,ECE,6.33,83.82,79.6,0,0,No
5169,Male,21,CSE,8.06,91.33,94.74,4,3,Yes
5170,Female,23,IT,6.94,74.06,79.55,0,0,Yes
5171,Female,20,IT,9.21,95.43,95.69,1,1,Yes
5172,Male,23,CSE,8.9,85.48,92.26,0,6,Yes
5173,Female,20,ECE,5.47,57.24,52.12,4,6,Yes
5174,Male,21,IT,8.69,93.74,95.79,2,7,Yes
5175,Male,24,IT,5.86,74.7,64.94,1,4,Yes
5176,Female,24,CSE,5.38,63.29,67.97,0,4,No
5177,Male,24,CE,5.0,56.12,49.22,1,3,No
5178,Male,24,IT,5.5,56.96,55.21,0,3,No
5179,Female,23,IT,7.44,94.38,86.59,2,5,Yes
5180,Female,25,CE,9.07,90.92,95.7,0,6,Yes
5181,Female,21,CE,5.0,50.87,56.37,2,0,No
5182,Male,20,CSE,5.86,68.94,72.59,1,5,Yes
5183,Male,25,IT,5.78,62.09,53.41,0,2,No
5184,Female,23,ME,8.99,86.67,94.06,2,6,Yes
5185,Male,25,CSE,7.29,73.62,75.05,2,1,Yes
5186,Male,20,ECE,6.42,74.96,69.4,1,3,Yes
5187,Female,23,ECE,6.28,73.31,74.49,0,6,Yes
5188,Male,21,IT,6.53,78.98,85.92,1,3,Yes
5189,Male,21,ECE,5.14,62.36,60.39,0,1,No
5190,Male,22,CSE,5.3,54.89,61.55,1,0,No
5191,Male,21,ECE,6.39,69.42,73.21,2,6,Yes
5192,Female,25,ME,6.03,63.98,59.94,2,4,Yes
5193,Male,24,ME,5.0,65.24,68.79,1,5,No
5194,Male,24,CSE,5.99,66.68,59.03,0,8,Yes
5195,Male,23,EE,8.62,84.5,83.04,1,8,Yes
5196,Male,20,ECE,7.67,87.32,86.62,2,5,Yes
5197,Male,24,IT,7.44,85.21,89.25,2,1,Yes
5198,Male,24,IT,6.49,71.47,65.6,4,1,Yes
5199,Male,23,ECE,5.51,70.7,67.92,3,4,Yes
5200,Male,24,CE,8.64,93.02,95.24,2,4,Yes
5201,Female,21,CSE,5.85,76.96,78.57,0,5,No
5202,Female,25,IT,5.0,52.83,46.11,1,4,No
5203,Female,20,ECE,6.36,69.48,61.25,2,5,Yes
5204,Male,25,CSE,8.57,96.06,95.33,0,2,Yes
5205,Female,25,IT,10.0,97.82,100,1,5,Yes
5206,Male,24,CSE,5.0,52.2,60.09,0,3,No
5207,Male,25,CSE,9.29,94.59,88.29,1,7,Yes
5208,Female,25,ECE,6.75,71.77,66.28,2,3,Yes
5209,Male,23,IT,5.0,60.13,51.38,2,3,No
5210,Male,23,CSE,9.39,93.88,95.18,0,5,Yes
5211,Female,24,ECE,6.13,73.59,68.35,3,8,Yes
5212,Male,25,CSE,6.4,57.43,62.63,0,1,No
5213,Male,21,IT,5.84,70.74,72.56,4,1,Yes
5214,Female,23,CE,8.77,91.53,91.84,3,3,Yes
5215,Female,23,ECE,6.6,65.69,55.88,2,5,Yes
5216,Male,25,CSE,8.15,79.17,83.78,1,5,Yes
5217,Female,20,CSE,6.41,68.56,63.25,2,2,Yes
5218,Female,20,ME,7.49,69.35,74.84,1,5,Yes
5219,Female,20,ECE,5.0,53.12,54.01,3,3,Yes
5220,Male,23,CSE,6.14,57.11,63.77,0,4,No
5221,Male,24,ECE,8.61,86.31,93.59,2,6,Yes
5222,Male,20,CSE,8.49,82.05,85.82,0,7,Yes
5223,Female,25,EE,6.19,79.61,76.18,3,6,Yes
5224,Female,24,ME,6.63,69.24,67.53,1,2,Yes
5225,Female,20,ECE,9.93,98.3,100,1,5,Yes
5226,Male,25,ECE,7.72,97.72,100,2,4,Yes
5227,Female,20,CSE,5.0,56.31,55.48,2,3,No
5228,Male,24,ME,5.56,64.07,60.54,2,5,Yes
5229,Male,21,EE,7.17,81.66,72.8,2,5,Yes
5230,Female,22,IT,7.28,79.4,72.19,1,1,Yes
5231,Female,25,CSE,7.58,98.43,96.3,2,5,Yes
5232,Female,21,ECE,6.3,60.92,55.16,1,3,No
5233,Male,25,CE,6.69,67.19,73.49,1,7,Yes
5234,Female,25,ECE,5.99,70.21,72.38,1,2,No
5235,Male,20,CE,5.0,56.02,55.93,2,4,No
5236,Male,22,IT,5.82,65.21,72.05,0,4,No
5237,Female,22,ECE,5.33,55.33,55.45,3,6,Yes
5238,Male,22,CSE,6.32,71.33,71.92,2,5,Yes
5239,Male,23,ME,5.35,64.49,68.22,0,3,No
5240,Male,24,IT,6.02,61.21,68.36,3,2,Yes
5241,Female,21,ECE,5.63,80.19,71.53,0,2,No
5242,Female,21,IT,5.0,65.35,61.17,2,0,No
5243,Male,23,CSE,7.27,70.42,71.66,2,3,Yes
5244,Male,24,ECE,5.58,61.58,69.04,1,5,Yes
5245,Female,24,ECE,7.37,71.52,66.88,0,3,Yes
5246,Male,24,ECE,7.03,75.67,80.18,1,4,Yes
5247,Female,23,CSE,5.15,55.55,56.92,4,2,Yes
5248,Female,23,CSE,6.22,71.32,76.52,1,2,Yes
5249,Male,23,EE,5.0,53.89,47.89,1,3,No
5250,Male,24,CSE,6.97,76.87,77.0,1,3,Yes
5251,Male,21,CSE,5.69,59.18,59.88,0,1,No
5252,Male,22,ME,6.41,71.47,68.31,1,3,Yes
5253,Female,22,IT,6.06,59.06,56.42,2,3,Yes
5254,Male,21,CSE,9.14,93.28,84.28,1,2,Yes
5255,Female,25,IT,9.45,96.3,91.95,1,4,Yes
5256,Female,21,ECE,7.14,85.78,77.94,0,3,Yes
5257,Female,25,ECE,8.04,81.93,81.87,2,8,Yes
5258,Female,21,CSE,8.72,95.67,93.87,2,5,Yes
5259,Female,23,CSE,6.71,74.48,74.73,2,7,Yes
5260,Female,20,EE,6.53,64.32,72.25,1,1,No
5261,Female,25,CE,6.48,87.9,78.39,3,4,Yes
5262,Female,21,IT,5.0,57.24,56.54,1,0,No
5263,Female,25,IT,6.17,74.49,65.71,0,4,Yes
5264,Female,23,CSE,6.86,89.28,84.96,3,5,Yes
5265,Male,20,CE,7.24,82.89,78.36,2,5,Yes
5266,Female,22,CSE,6.22,69.2,70.33,1,2,Yes
5267,Male,23,ME,9.34,97.71,94.0,3,3,Yes
5268,Male,21,ECE,6.02,65.56,65.42,2,6,Yes
5269,Female,24,CE,6.25,61.0,61.24,2,1,Yes
5270,Female,21,IT,5.0,60.91,52.77,3,3,No
5271,Male,24,IT,5.0,60.57,57.91,3,2,Yes
5272,Female,24,CE,6.13,70.75,63.66,1,4,No
5273,Male,23,IT,8.5,95.77,95.92,0,6,Yes
5274,Male,20,IT,8.79,86.51,88.01,1,4,Yes
5275,Male,20,CSE,7.82,83.73,88.19,2,4,Yes
5276,Female,22,ME,6.13,75.9,68.62,1,5,Yes
5277,Female,20,ECE,5.0,57.49,64.43,1,3,No
5278,Female,22,ECE,5.0,55.73,52.55,0,5,No
5279,Male,25,IT,5.44,68.74,66.6,1,5,Yes
5280,Female,20,CSE,8.27,92.71,88.32,0,4,Yes
5281,Male,23,CSE,8.8,92.83,93.1,3,3,Yes
5282,Male,21,IT,8.36,81.81,85.11,2,4,Yes
5283,Female,25,IT,6.83,77.56,74.82,3,3,Yes
5284,Male,25,CSE,5.0,51.88,55.01,0,5,No
5285,Female,21,CSE,7.88,81.7,87.4,2,3,Yes
5286,Female,20,ME,6.79,85.75,80.43,3,5,Yes
5287,Female,25,ECE,7.85,87.27,91.65,2,6,Yes
5288,Male,24,IT,7.54,86.2,77.12,3,2,Yes
5289,Male,24,ECE,5.0,55.67,52.83,1,4,No
5290,Male,25,ECE,5.05,68.61,60.56,0,1,No
5291,Male,23,IT,5.0,57.52,55.43,3,2,No
5292,Male,24,ECE,5.6,69.34,73.2,2,6,Yes
5293,Male,25,EE,8.27,96.15,94.94,1,4,Yes
5294,Female,23,CSE,7.58,94.28,96.02,1,3,Yes
5295,Male,22,CSE,8.25,95.95,100,3,2,Yes
5296,Male,20,ME,5.0,62.86,54.75,1,7,No
5297,Male,25,CSE,8.6,94.24,91.69,2,3,Yes
5298,Female,24,ME,5.29,55.61,49.56,1,0,No
5299,Male,23,CSE,8.1,79.54,84.13,1,4,Yes
5300,Female,22,CE,7.0,90.02,92.08,2,2,Yes
5301,Male,22,ME,7.2,93.78,83.84,2,2,Yes
5302,Male,22,IT,5.35,54.23,47.78,1,2,No
5303,Male,20,ME,5.0,67.64,58.94,2,2,No
5304,Female,22,ME,7.83,92.45,88.56,3,4,Yes
5305,Female,25,ME,8.54,95.21,97.76,1,2,Yes
5306,Male,25,EE,7.19,82.17,75.98,0,5,Yes
5307,Male,23,CSE,5.0,57.58,54.95,3,3,No
5308,Female,22,CE,8.44,88.88,94.36,2,5,Yes
5309,Male,25,ECE,7.05,64.42,66.77,1,4,Yes
5310,Male,23,ECE,8.43,81.22,80.13,2,5,Yes
5311,Male,25,ME,8.75,97.23,87.31,0,4,Yes
5312,Female,21,ME,5.0,51.56,45,2,5,No
5313,Male,24,CSE,5.0,61.92,52.66,2,2,No
5314,Female,25,CE,6.73,85.68,84.9,1,4,Yes
5315,Male,21,ECE,7.92,92.57,98.25,1,5,Yes
5316,Female,22,CE,5.31,53.53,49.9,2,2,No
5317,Female,22,ECE,5.0,62.74,54.3,2,0,No
5318,Male,24,IT,5.09,58.98,61.86,1,0,No
5319,Female,25,CSE,5.37,57.03,62.56,2,1,Yes
5320,Female,20,EE,7.93,76.96,79.49,3,7,Yes
5321,Female,21,IT,7.31,96.82,89.08,1,1,Yes
5322,Female,24,ECE,7.75,81.93,79.03,3,1,Yes
5323,Female,25,IT,7.97,92.5,90.11,3,0,Yes
5324,Male,20,ME,8.2,77.3,81.87,0,0,Yes
5325,Male,21,CSE,8.46,83.61,81.77,2,4,Yes
5326,Male,21,CSE,5.54,52.55,57.77,1,3,No
5327,Male,21,CE,8.61,95.85,94.71,1,4,Yes
5328,Female,24,EE,5.0,53.09,46.12,0,3,No
5329,Female,21,CSE,6.35,78.17,80.24,2,2,Yes
5330,Female,25,CSE,7.26,83.51,88.73,2,3,Yes
5331,Male,24,IT,5.8,65.25,66.05,0,3,No
5332,Female,21,ME,5.35,63.21,60.92,4,6,Yes
5333,Female,22,CE,6.91,81.83,83.5,3,4,Yes
5334,Male,20,ME,5.51,74.49,72.86,1,5,No
5335,Female,20,EE,5.0,53.81,47.9,1,4,No
5336,Male,20,ME,5.85,68.36,65.93,0,0,No
5337,Male,24,EE,8.52,98.46,100,0,7,Yes
5338,Male,23,CSE,6.34,77.79,69.18,1,5,Yes
5339,Female,21,CSE,5.0,54.63,45.57,0,1,No
5340,Male,23,CSE,7.71,88.9,84.21,2,0,Yes
5341,Female,25,ECE,5.29,51.41,45,0,6,No
5342,Male,23,ME,6.09,61.4,57.85,4,3,Yes
5343,Male,23,CSE,5.31,58.92,50.89,0,5,No
5344,Female,23,ECE,5.0,54.79,51.93,1,2,No
5345,Female,22,CE,6.62,71.57,66.75,1,3,No
5346,Male,21,CSE,7.82,74.3,76.58,2,3,Yes
5347,Female,21,IT,6.08,55.98,55.46,1,5,Yes
5348,Male,25,CSE,7.49,89.97,89.94,1,1,Yes
5349,Male,20,CSE,6.84,85.44,77.53,2,3,Yes
5350,Male,23,ECE,5.0,53.64,55.75,0,5,No
5351,Female,22,CSE,7.77,93.68,83.69,1,3,Yes
5352,Female,24,IT,6.73,86.27,76.36,3,4,Yes
5353,Female,23,CE,5.0,54.38,45,2,0,No
5354,Male,21,ECE,8.42,92.0,93.96,2,1,Yes
5355,Female,22,ECE,6.31,68.65,75.84,0,1,No
5356,Female,25,CE,7.41,94.64,89.87,1,1,Yes
5357,Male,21,ME,5.0,53.68,51.26,1,5,No
5358,Female,20,ME,5.54,62.42,70.39,1,3,No
5359,Male,24,CSE,6.09,61.21,66.38,3,6,Yes
5360,Male,20,IT,5.97,75.05,72.26,2,7,Yes
5361,Male,25,IT,5.39,57.29,52.31,1,1,No
5362,Male,23,CSE,5.0,59.23,65.89,1,6,No
5363,Male,23,CSE,5.19,65.86,70.65,2,2,Yes
5364,Female,20,CE,6.94,81.45,76.68,3,2,Yes
5365,Female,23,ECE,7.79,91.54,82.36,1,6,Yes
5366,Male,23,CSE,6.47,77.31,81.1,0,1,Yes
5367,Female,22,EE,6.26,73.93,79.01,1,2,Yes
5368,Female,24,ECE,5.33,71.17,72.02,2,4,Yes
5369,Female,22,ME,5.53,53.75,58.31,2,3,No
5370,Male,24,CSE,5.0,50.91,57.32,1,3,No
5371,Male,25,CSE,5.77,80.39,73.43,2,4,Yes
5372,Female,23,CE,5.0,57.5,48.71,2,3,No
5373,Male,21,ME,6.45,79.71,81.14,0,7,Yes
5374,Female,22,CSE,8.64,83.81,86.84,2,5,Yes
5375,Male,25,CE,7.24,79.96,79.15,2,4,Yes
5376,Female,20,ME,5.0,57.35,59.37,3,3,No
5377,Female,21,CSE,8.15,96.82,90.16,1,3,Yes
5378,Female,21,ECE,6.01,66.86,70.48,1,5,Yes
5379,Female,22,CSE,5.79,63.68,56.82,1,1,No
5380,Male,25,ECE,5.0,62.46,68.81,3,5,No
5381,Male,20,ECE,5.0,61.68,60.34,2,3,No
5382,Female,21,IT,10.0,97.9,99.83,0,7,Yes
5383,Male,25,ME,5.0,50.11,53.9,2,5,No
5384,Male,25,ECE,5.57,69.37,71.46,0,4,No
5385,Male,25,EE,7.43,70.69,72.95,0,1,No
5386,Male,25,CE,5.0,53.61,55.41,0,3,No
5387,Female,20,CSE,5.46,62.75,70.29,1,5,No
5388,Female,20,CSE,5.0,56.83,59.96,3,6,Yes
5389,Female,24,ME,8.6,93.44,98.92,3,5,Yes
5390,Male,24,ME,6.06,55.14,53.78,4,4,Yes
5391,Male,23,EE,5.0,56.07,63.17,2,5,No
5392,Male,20,ECE,6.73,80.25,84.82,0,1,No
5393,Female,24,IT,8.33,85.0,84.8,2,4,Yes
5394,Female,25,ECE,6.6,86.28,80.44,0,2,No
5395,Male,22,IT,5.24,65.0,61.59,1,3,Yes
5396,Male,21,CE,6.28,65.77,72.75,3,6,Yes
5397,Male,20,ME,5.0,51.34,51.34,2,2,No
5398,Male,21,EE,7.03,76.21,75.07,1,2,Yes
5399,Male,22,CSE,5.31,53.44,50.12,0,6,No
5400,Male,25,CSE,7.56,87.82,84.68,3,1,Yes
5401,Female,21,ME,5.85,61.41,53.21,0,3,No
5402,Male,24,IT,6.74,86.43,76.89,0,1,No
5403,Female,21,ECE,6.4,80.52,88.03,3,3,Yes
5404,Male,23,CSE,5.46,76.38,68.85,0,8,Yes
5405,Male,23,CSE,5.0,54.73,48.02,4,2,No
5406,Female,23,CSE,5.85,67.65,71.86,2,7,Yes
5407,Female,24,CSE,8.12,85.11,79.05,3,4,Yes
5408,Male,23,CE,7.54,94.42,97.88,1,4,Yes
5409,Female,21,IT,9.62,97.79,93.56,1,4,Yes
5410,Female,23,ECE,7.77,89.24,96.05,1,3,Yes
5411,Female,25,EE,7.04,76.39,67.82,1,8,Yes
5412,Male,20,CE,8.72,81.16,87.44,3,7,Yes
5413,Male,22,CSE,8.11,88.57,79.44,2,5,Yes
5414,Female,21,CSE,9.36,98.07,89.36,3,1,Yes
5415,Male,25,ECE,6.32,68.99,67.61,2,5,Yes
5416,Male,22,ECE,5.0,50.27,45,1,0,No
5417,Male,22,CSE,5.82,72.64,72.15,2,4,Yes
5418,Male,23,CSE,9.13,98.68,98.61,3,3,Yes
5419,Male,20,CSE,5.0,59.43,50.14,1,1,No
5420,Male,25,CE,7.08,88.84,85.75,2,1,Yes
5421,Male,22,ECE,6.55,65.11,57.07,1,6,Yes
5422,Female,22,CSE,7.26,71.21,66.15,1,5,Yes
5423,Male,21,ME,6.7,90.82,82.65,4,2,Yes
5424,Female,20,ECE,5.54,69.7,60.74,4,1,Yes
5425,Female,22,IT,7.27,70.55,67.13,1,6,Yes
5426,Female,20,CE,7.54,76.57,69.9,0,1,Yes
5427,Male,23,EE,6.29,63.32,66.75,2,7,Yes
5428,Female,24,ECE,7.03,85.13,92.75,3,6,Yes
5429,Male,24,CE,5.0,50.98,45,1,6,No
5430,Male,23,CSE,9.15,97.55,97.99,1,5,Yes
5431,Male,20,EE,6.1,73.35,67.74,2,5,Yes
5432,Male,24,ECE,5.0,60.08,59.64,1,1,No
5433,Male,24,ECE,6.78,70.75,75.99,1,3,Yes
5434,Male,23,ME,6.26,83.91,75.38,0,3,No
5435,Male,22,ECE,6.96,81.78,75.57,3,3,Yes
5436,Male,22,IT,7.17,92.01,87.74,2,6,Yes
5437,Female,25,ECE,7.77,82.87,90.52,2,6,Yes
5438,Male,23,CE,8.31,98.72,93.61,1,6,Yes
5439,Male,22,CE,7.59,86.74,89.29,4,2,Yes
5440,Female,24,EE,8.93,93.02,88.79,0,3,Yes
5441,Male,22,CE,7.32,76.93,73.35,2,4,Yes
5442,Female,25,IT,5.0,61.86,57.95,0,5,No
5443,Male,24,CE,9.3,96.65,100,0,7,Yes
5444,Male,25,EE,5.0,57.0,54.0,1,4,No
5445,Female,24,CE,9.02,91.23,96.77,2,3,Yes
5446,Male,23,ME,6.32,76.48,80.66,1,5,Yes
5447,Male,25,CE,8.53,79.4,84.23,0,3,Yes
5448,Male,23,ME,6.13,71.19,65.22,2,5,Yes
5449,Male,20,IT,6.33,64.11,72.02,1,7,Yes
5450,Male,25,ECE,5.0,58.51,59.44,0,4,No
5451,Female,24,CSE,5.85,80.62,73.17,2,0,No
5452,Male,25,IT,6.62,86.11,76.44,2,2,Yes
5453,Female,24,ME,5.75,58.6,62.64,0,0,No
5454,Female,25,IT,7.19,79.93,72.05,0,6,Yes
5455,Male,21,CSE,5.0,55.24,48.04,1,1,No
5456,Male,22,CSE,5.27,54.02,46.63,2,4,Yes
5457,Female,22,ECE,5.94,68.85,66.63,1,2,No
5458,Female,21,ECE,6.27,60.18,58.85,2,6,Yes
5459,Male,24,IT,5.08,61.87,64.82,2,4,No
5460,Female,20,ME,7.92,85.82,91.56,0,5,Yes
5461,Female,20,IT,5.99,67.53,74.61,0,3,No
5462,Male,25,EE,6.99,83.1,85.75,1,3,Yes
5463,Male,25,ECE,9.46,93.37,96.58,1,6,Yes
5464,Male,21,ME,8.69,97.41,95.37,1,3,Yes
5465,Female,20,CSE,5.33,50.88,47.71,2,4,Yes
5466,Female,23,IT,8.54,90.91,85.98,1,1,Yes
5467,Male,22,CSE,5.02,53.8,59.92,0,1,No
5468,Female,21,ME,6.21,62.18,53.19,1,3,Yes
5469,Male,23,CSE,5.85,67.52,58.06,1,6,Yes
5470,Male,20,EE,6.47,75.05,71.7,0,6,Yes
5471,Male,25,CSE,7.57,84.17,75.35,1,4,Yes
5472,Female,22,IT,5.0,51.36,50.35,0,1,No
5473,Female,23,CSE,5.62,60.44,65.45,2,0,Yes
5474,Female,20,EE,8.46,96.26,96.44,0,5,Yes
5475,Female,21,CE,8.41,83.19,77.89,1,2,Yes
5476,Male,25,ECE,9.18,95.4,86.35,1,1,Yes
5477,Male,24,EE,7.4,90.89,95.81,2,5,Yes
5478,Female,22,IT,5.0,54.06,49.74,0,1,No
5479,Female,25,IT,7.61,90.7,83.42,2,5,Yes
5480,Male,23,CE,7.9,79.74,77.25,1,4,Yes
5481,Male,22,ECE,5.0,50.4,45.32,1,2,No
5482,Female,22,EE,6.5,83.92,81.39,2,3,Yes
5483,Female,25,ECE,7.36,74.43,73.41,1,4,Yes
5484,Male,22,CE,5.0,51.03,45,2,3,No
5485,Male,21,IT,8.71,86.16,83.03,3,2,Yes
5486,Male,22,CE,6.53,63.67,56.14,1,1,No
5487,Female,20,ECE,5.0,52.97,49.21,1,1,No
5488,Male,23,CE,7.68,93.22,90.61,2,8,Yes
5489,Male,20,IT,6.45,77.61,76.7,3,7,Yes
5490,Male,24,CSE,7.05,82.02,72.81,3,2,Yes
5491,Male,25,CE,7.13,79.2,80.91,1,1,Yes
5492,Male,23,ME,5.48,65.8,56.33,0,5,No
5493,Male,20,EE,7.38,76.31,66.42,3,4,Yes
5494,Male,22,IT,6.23,71.4,70.93,1,5,Yes
5495,Male,25,CSE,7.12,85.58,89.95,2,2,Yes
5496,Male,20,CE,6.45,79.0,71.72,1,2,Yes
5497,Male,21,CSE,9.77,96.73,95.08,2,1,Yes
5498,Female,21,EE,5.47,52.2,52.87,2,5,No
5499,Female,24,ME,5.97,76.14,81.63,0,5,No
5500,Male,21,CSE,5.0,60.59,52.32,1,0,No
5501,Female,20,ME,7.71,91.65,97.4,0,4,Yes
5502,Male,21,CE,9.56,95.43,96.57,2,3,Yes
5503,Female,20,ECE,6.44,70.25,77.94,2,3,Yes
5504,Female,25,CSE,8.54,91.94,82.92,0,6,Yes
5505,Male,21,ME,7.82,80.32,73.52,1,5,Yes
5506,Female,23,EE,5.21,50.9,48.81,1,2,No
5507,Female,24,ECE,6.15,54.75,59.87,2,2,No
5508,Male,20,EE,5.74,71.41,67.22,1,7,Yes
5509,Female,24,CSE,5.0,51.34,45,0,5,No
5510,Female,20,EE,7.74,79.85,85.2,3,3,Yes
5511,Female,21,ECE,6.28,80.57,70.67,3,8,Yes
5512,Female,25,ECE,5.0,61.89,56.62,1,4,No
5513,Female,23,CSE,5.15,55.57,48.96,2,3,No
5514,Male,20,CE,8.22,76.73,83.85,1,3,Yes
5515,Male,20,ECE,5.0,58.82,54.35,1,4,No
5516,Male,22,IT,5.0,59.01,55.68,1,1,No
5517,Female,20,CSE,5.0,57.69,56.12,1,4,No
5518,Female,22,CSE,6.69,67.71,61.46,2,1,Yes
5519,Male,24,CSE,7.06,86.68,91.47,0,5,Yes
5520,Male,25,CE,8.6,97.9,100,1,4,Yes
5521,Male,21,ECE,7.91,84.31,76.93,1,6,Yes
5522,Male,24,ECE,7.83,79.98,70.74,2,2,Yes
5523,Male,20,IT,5.44,59.74,64.34,0,6,Yes
5524,Male,21,ECE,5.78,64.56,56.12,1,5,No
5525,Female,23,ECE,7.53,92.61,90.36,1,4,Yes
5526,Female,25,CE,8.29,83.96,84.69,1,3,Yes
5527,Male,24,ECE,8.65,98.62,100,0,4,Yes
5528,Male,24,ECE,5.84,73.47,70.87,4,5,Yes
5529,Male,21,ME,6.09,60.3,64.93,1,5,No
5530,Female,20,ME,6.49,65.9,66.89,0,0,No
5531,Female,21,ME,6.52,76.77,74.61,1,3,Yes
5532,Female,23,CSE,5.57,57.85,53.51,2,7,Yes
5533,Male,22,CSE,7.54,98.78,92.26,1,4,Yes
5534,Male,20,ECE,5.86,51.45,52.41,1,2,No
5535,Female,23,IT,6.24,75.66,82.26,0,4,Yes
5536,Female,23,ME,7.42,69.78,69.27,0,4,No
5537,Male,24,IT,5.69,50.67,54.62,3,4,Yes
5538,Male,21,ECE,5.0,52.3,55.38,0,4,No
5539,Male,20,IT,8.25,88.04,90.24,0,2,Yes
5540,Female,23,CE,5.08,71.7,65.6,0,2,No
5541,Male,24,CE,5.58,66.94,70.0,1,3,No
5542,Female,22,CE,6.36,76.17,69.63,2,4,Yes
5543,Male,25,EE,5.22,68.96,62.25,2,4,No
5544,Female,25,EE,5.96,64.58,60.34,3,3,Yes
5545,Male,20,ECE,7.74,85.52,75.68,1,2,Yes
5546,Female,25,CE,5.0,61.82,53.74,3,4,No
5547,Male,20,IT,9.74,96.78,95.54,0,4,Yes
5548,Female,22,ME,8.39,97.68,89.83,1,8,Yes
5549,Female,22,CE,5.0,62.35,55.89,4,2,No
5550,Female,22,EE,6.22,80.22,77.57,1,6,Yes
5551,Male,22,EE,7.18,69.65,75.79,1,3,Yes
5552,Male,20,ECE,7.1,84.2,83.4,1,4,Yes
5553,Male,22,CSE,5.93,66.37,70.56,0,2,No
5554,Female,21,CSE,7.05,85.21,83.71,1,0,Yes
5555,Female,20,CSE,6.38,58.02,60.93,1,4,Yes
5556,Female,24,CSE,5.98,59.94,59.6,1,1,No
5557,Female,23,EE,7.25,86.24,79.6,1,1,Yes
5558,Male,23,CSE,6.5,77.18,77.25,1,7,Yes
5559,Female,24,CSE,5.0,57.14,51.31,2,0,No
5560,Male,23,IT,6.41,63.98,61.01,1,3,No
5561,Female,24,CE,5.0,54.1,45,1,6,No
5562,Male,22,CE,7.31,95.84,90.32,1,4,Yes
5563,Male,25,ME,7.08,74.05,69.42,2,5,Yes
5564,Female,21,ME,5.28,56.4,58.37,1,6,No
5565,Female,20,ECE,8.19,96.96,89.8,1,6,Yes
5566,Female,20,CSE,6.96,71.92,73.21,1,6,Yes
5567,Female,20,CSE,7.23,94.73,84.75,0,0,Yes
5568,Male,23,CE,7.81,94.5,89.13,1,3,Yes
5569,Male,23,EE,7.7,94.81,85.91,0,3,Yes
5570,Female,20,CSE,5.69,70.15,62.98,1,3,Yes
5571,Female,24,ECE,6.87,74.43,70.89,1,7,Yes
5572,Female,20,CSE,5.0,53.42,49.62,4,7,Yes
5573,Female,21,ME,5.0,52.44,57.96,3,5,No
5574,Female,25,CE,5.32,56.56,63.83,1,4,No
5575,Male,25,CE,7.35,79.06,74.62,1,7,Yes
5576,Female,25,IT,8.26,84.66,79.97,1,3,Yes
5577,Female,23,EE,9.16,94.76,93.41,2,5,Yes
5578,Female,20,ECE,5.41,50.5,48.61,2,1,No
5579,Female,24,IT,8.08,98.23,99.27,1,1,Yes
5580,Male,21,ECE,7.43,70.76,69.87,1,5,Yes
5581,Female,21,IT,7.01,79.01,69.04,1,4,Yes
5582,Female,24,ME,5.25,61.2,63.41,1,7,No
5583,Female,21,IT,8.85,95.04,89.99,1,0,Yes
5584,Male,25,CSE,7.98,96.06,90.37,2,2,Yes
5585,Male,25,CE,8.91,91.99,93.14,0,5,Yes
5586,Male,21,CSE,5.0,54.94,46.22,2,1,No
5587,Male,22,CSE,6.89,74.29,74.26,2,4,Yes
5588,Male,22,ME,7.58,71.75,72.94,2,4,Yes
5589,Male,21,CSE,7.1,69.83,76.6,3,6,Yes
5590,Male,23,CSE,8.74,96.93,95.86,1,3,Yes
5591,Female,25,ME,5.65,61.84,62.72,1,3,No
5592,Female,24,ECE,6.38,71.3,76.32,2,5,Yes
5593,Male,20,ME,7.39,89.52,89.34,1,3,Yes
5594,Female,21,ECE,6.18,69.59,62.23,0,5,No
5595,Male,25,ECE,5.4,58.13,64.84,2,6,Yes
5596,Female,22,EE,6.74,85.99,79.47,4,3,Yes
5597,Male,25,CSE,6.72,64.64,63.55,3,4,Yes
5598,Male,23,IT,7.67,80.89,73.45,2,5,Yes
5599,Male,22,EE,8.5,87.78,84.2,1,6,Yes
5600,Male,20,IT,6.97,81.19,88.15,3,1,Yes
5601,Male,20,EE,5.72,50.14,56.35,2,3,No
5602,Male,24,ECE,6.46,78.2,83.1,3,7,Yes
5603,Female,23,ME,6.0,58.77,65.16,1,2,No
5604,Female,21,EE,7.55,87.22,80.94,3,0,Yes
5605,Female,25,CSE,8.46,92.19,87.59,1,5,Yes
5606,Female,23,EE,7.12,65.46,67.67,2,4,Yes
5607,Male,21,ECE,5.58,50.31,50.65,2,5,No
5608,Female,22,ECE,8.46,95.25,97.23,1,4,Yes
5609,Female,24,CSE,5.87,54.34,60.68,3,1,Yes
5610,Male,20,ECE,7.61,78.37,73.3,1,3,Yes
5611,Female,23,EE,8.85,83.63,87.96,2,1,Yes
5612,Male,20,ME,5.0,50.05,45,1,3,No
5613,Male,25,ME,8.65,91.04,88.15,3,5,Yes
5614,Male,22,CSE,5.0,52.87,45,2,5,No
5615,Male,21,CSE,8.05,88.39,94.43,2,1,Yes
5616,Female,23,ME,8.12,91.05,98.16,2,6,Yes
5617,Female,20,IT,7.38,88.03,93.76,1,7,Yes
5618,Male,23,CSE,6.43,59.92,66.74,1,3,No
5619,Male,20,ECE,5.0,55.97,56.84,2,3,No
5620,Male,20,CSE,8.26,82.19,82.52,1,4,Yes
5621,Male,24,CE,6.93,70.21,60.79,1,0,No
5622,Female,20,ME,5.44,57.33,62.86,0,4,No
5623,Male,25,ECE,9.21,91.63,91.33,0,5,Yes
5624,Female,24,ME,6.0,76.36,74.11,4,7,Yes
5625,Female,20,ME,8.54,96.31,96.57,3,2,Yes
5626,Female,22,CSE,8.42,89.81,83.31,3,3,Yes
5627,Female,20,CSE,6.41,66.05,64.08,4,2,Yes
5628,Female,21,CE,8.75,86.86,84.16,2,6,Yes
5629,Male,21,ECE,6.33,70.59,66.46,2,2,Yes
5630,Male,20,IT,7.01,77.93,79.43,1,5,Yes
5631,Female,24,CSE,5.61,55.2,58.29,1,4,No
5632,Male,23,ECE,5.46,64.89,68.1,1,5,Yes
5633,Male,22,CSE,8.88,87.27,88.36,1,4,Yes
5634,Female,25,CE,7.19,80.49,82.83,2,4,Yes
5635,Male,23,CE,5.63,52.45,50.06,0,7,No
5636,Female,23,CE,5.55,70.91,73.92,1,3,No
5637,Female,21,CE,5.48,70.05,75.63,4,3,Yes
5638,Female,24,CSE,8.76,98.95,89.16,1,5,Yes
5639,Female,25,ECE,5.0,63.96,54.08,0,3,No
5640,Male,23,CSE,5.88,67.03,67.08,2,5,Yes
5641,Female,23,IT,6.43,81.62,73.43,4,3,Yes
5642,Male,22,CSE,5.77,78.06,69.55,3,3,Yes
5643,Female,21,CE,7.09,71.71,75.24,1,4,Yes
5644,Female,21,IT,5.89,58.44,59.55,2,2,Yes
5645,Male,21,CSE,5.45,75.61,65.69,2,3,Yes
5646,Male,20,EE,5.78,68.16,75.69,1,6,Yes
5647,Female,21,CSE,7.39,95.82,94.29,2,4,Yes
5648,Male,21,ME,5.0,57.33,64.98,1,2,No
5649,Female,24,IT,8.89,86.37,90.62,1,3,Yes
5650,Male,21,IT,5.53,50.6,53.37,1,3,No
5651,Female,22,ME,5.0,58.36,64.42,3,4,No
5652,Male,25,IT,5.39,71.59,64.82,2,3,Yes
5653,Female,21,EE,5.96,67.7,66.82,0,0,No
5654,Male,21,ME,5.0,56.66,49.24,2,1,No
5655,Male,20,CSE,6.7,68.13,73.43,1,0,Yes
5656,Female,20,ME,8.53,92.85,99.72,3,5,Yes
5657,Male,25,EE,5.0,60.37,59.15,1,4,No
5658,Male,20,ME,7.18,83.82,89.11,0,7,Yes
5659,Female,21,EE,8.73,82.08,86.06,3,3,Yes
5660,Male,25,IT,6.13,59.57,61.18,1,5,Yes
5661,Male,22,CE,5.0,57.58,50.62,4,4,Yes
5662,Female,22,EE,7.84,89.2,81.57,2,1,Yes
5663,Male,24,EE,8.79,96.19,86.99,1,5,Yes
5664,Female,22,CSE,8.85,96.61,98.45,1,2,Yes
5665,Male,24,ECE,7.75,85.8,76.06,1,3,Yes
5666,Female,20,CSE,7.1,81.9,83.31,1,4,Yes
5667,Male,21,IT,5.0,51.69,52.15,0,2,No
5668,Male,24,ECE,8.67,88.89,78.92,1,4,Yes
5669,Female,20,ECE,5.09,54.5,60.63,1,5,No
5670,Male,23,CSE,6.7,88.22,85.67,2,8,Yes
5671,Male,22,CSE,6.9,90.8,83.22,0,3,Yes
5672,Female,23,ME,6.53,60.41,60.47,2,1,Yes
5673,Female,24,CSE,5.32,64.92,64.14,0,5,Yes
5674,Female,23,IT,8.56,87.8,87.03,0,4,Yes
5675,Female,20,ME,8.08,91.56,90.07,1,5,Yes
5676,Male,20,CSE,6.11,68.94,70.08,1,2,No
5677,Male,21,CSE,7.34,75.86,73.92,1,5,Yes
5678,Male,22,ECE,7.27,77.02,82.73,2,2,Yes
5679,Male,22,CSE,5.47,66.86,72.44,1,4,Yes
5680,Male,22,CSE,9.14,95.78,86.11,0,4,Yes
5681,Female,20,CSE,7.28,92.5,85.56,2,1,Yes
5682,Female,21,CSE,8.19,77.72,83.69,0,4,Yes
5683,Female,22,IT,5.83,68.99,74.57,1,7,Yes
5684,Female,21,CSE,8.09,86.41,82.97,1,4,Yes
5685,Female,21,EE,7.63,93.48,89.79,0,0,Yes
5686,Female,23,CSE,9.2,97.73,88.37,1,3,Yes
5687,Male,22,EE,7.43,89.7,96.76,0,1,Yes
5688,Male,20,ME,9.59,95.78,100,0,8,Yes
5689,Male,21,IT,6.79,80.96,78.51,0,0,Yes
5690,Male,24,CE,5.2,67.73,62.73,0,3,No
5691,Female,20,ME,6.12,64.62,61.67,1,0,No
5692,Male,21,EE,6.64,63.13,59.66,2,2,No
5693,Female,22,ME,6.76,67.68,70.58,4,3,Yes
5694,Female,20,CSE,5.27,55.17,56.79,0,2,No
5695,Female,20,ECE,6.73,76.83,77.7,0,4,Yes
5696,Female,20,ECE,6.89,66.83,73.37,3,3,Yes
5697,Male,22,ME,5.1,63.75,55.44,0,1,No
5698,Male,22,CE,7.46,85.94,88.07,1,5,Yes
5699,Female,25,ECE,9.21,96.88,87.06,1,7,Yes
5700,Male,20,ME,5.63,68.79,70.92,1,5,No
5701,Male,21,EE,6.86,84.82,88.25,3,7,Yes
5702,Male,20,ME,5.0,67.8,64.43,1,1,No
5703,Female,20,CE,7.43,85.23,81.53,4,3,Yes
5704,Male,23,EE,7.14,79.08,72.74,0,5,Yes
5705,Male,21,CSE,5.0,52.78,52.17,1,2,No
5706,Female,23,CSE,6.43,64.48,63.34,0,2,No
5707,Male,21,EE,5.0,53.93,48.51,1,8,No
5708,Female,22,IT,5.08,53.39,50.05,0,2,No
5709,Female,22,ME,5.0,63.14,56.11,0,2,No
5710,Female,23,EE,9.06,94.29,84.76,2,7,Yes
5711,Female,25,EE,5.51,67.34,74.48,0,6,No
5712,Male,25,IT,8.02,96.18,94.81,1,3,Yes
5713,Female,24,CSE,5.2,67.3,70.7,3,6,Yes
5714,Female,24,ECE,5.0,57.61,56.04,1,6,No
5715,Male,21,ECE,6.5,80.8,84.56,0,4,Yes
5716,Female,21,CSE,6.5,59.1,65.76,1,3,Yes
5717,Male,20,ME,6.11,77.58,82.96,1,4,Yes
5718,Female,20,ME,5.4,66.6,56.87,0,0,No
5719,Male,20,CSE,7.31,94.16,89.37,1,3,Yes
5720,Female,25,EE,5.0,53.19,58.76,0,0,No
5721,Male,23,CSE,7.14,67.35,66.08,2,3,Yes
5722,Male,23,ECE,8.05,98.43,90.52,1,5,Yes
5723,Female,22,CSE,7.76,87.81,94.47,2,3,Yes
5724,Male,23,EE,6.46,77.6,70.84,0,3,No
5725,Male,21,ECE,5.11,52.1,54.28,0,4,No
5726,Male,22,EE,8.34,97.81,100,2,3,Yes
5727,Male,24,EE,6.51,61.3,68.39,1,5,Yes
5728,Female,25,ECE,9.11,95.7,100,1,3,Yes
5729,Female,21,ME,5.53,70.96,65.29,2,3,No
5730,Male,20,ECE,5.0,62.88,58.05,3,3,No
5731,Male,24,CSE,5.88,56.09,48.05,1,7,No
5732,Male,22,ECE,6.16,73.59,77.83,1,1,Yes
5733,Male,22,ME,7.11,70.46,65.96,4,1,Yes
5734,Male,24,IT,5.09,58.63,55.87,2,0,No
5735,Male,24,CSE,6.02,76.89,67.71,2,3,Yes
5736,Female,23,IT,7.51,71.24,70.58,3,5,Yes
5737,Male,25,EE,7.38,86.8,88.88,3,5,Yes
5738,Male,21,ECE,6.03,72.9,67.62,3,5,Yes
5739,Female,23,ME,5.31,53.83,53.98,1,2,No
5740,Female,24,ME,6.68,75.48,83.4,0,2,Yes
5741,Female,25,CSE,6.85,77.82,79.6,1,2,Yes
5742,Male,24,EE,5.79,69.95,74.53,0,5,No
5743,Female,21,EE,7.3,89.68,93.74,0,3,Yes
5744,Female,22,EE,5.66,76.21,66.83,0,3,No
5745,Female,21,ECE,5.58,53.56,56.63,1,0,No
5746,Male,20,ECE,5.84,70.27,72.71,1,0,No
5747,Male,20,IT,6.58,76.31,69.44,0,4,Yes
5748,Female,22,CE,8.5,77.8,84.75,2,6,Yes
5749,Female,23,EE,6.72,75.33,70.26,0,3,Yes
5750,Male,24,EE,5.12,61.91,69.31,1,4,No
5751,Male,25,CSE,7.47,71.16,77.17,2,2,Yes
5752,Female,23,ECE,5.0,51.44,53.67,1,8,No
5753,Female,21,ECE,8.5,98.77,93.37,4,6,Yes
5754,Female,21,ME,5.0,56.28,56.15,1,2,No
5755,Male,24,IT,5.84,53.44,60.12,0,3,No
5756,Male,23,CE,6.04,59.22,64.99,2,5,Yes
5757,Female,24,CSE,5.0,67.63,66.17,1,4,No
5758,Female,23,IT,7.66,84.71,86.87,2,3,Yes
5759,Female,24,CSE,5.37,60.85,59.52,1,4,No
5760,Female,22,CE,6.7,74.75,72.2,2,5,Yes
5761,Male,22,IT,7.9,92.93,99.2,2,8,Yes
5762,Male,22,IT,5.27,58.94,63.93,2,2,Yes
5763,Female,21,EE,8.12,88.68,89.26,0,3,Yes
5764,Male,21,ECE,6.7,70.14,73.89,0,6,Yes
5765,Female,20,IT,5.46,74.05,65.67,2,6,Yes
5766,Male,23,IT,7.64,92.07,82.34,3,4,Yes
5767,Female,20,ME,7.69,91.55,94.98,2,4,Yes
5768,Female,20,CSE,5.92,73.08,69.69,1,0,Yes
5769,Male,23,IT,5.41,65.65,61.07,2,4,Yes
5770,Female,25,ECE,6.97,86.66,76.72,0,6,Yes
5771,Male,24,EE,7.17,87.39,92.48,1,0,Yes
5772,Male,23,ME,7.06,69.99,77.52,0,3,Yes
5773,Male,23,CSE,7.81,83.95,79.23,1,3,Yes
5774,Male,22,CSE,8.88,87.2,93.33,3,8,Yes
5775,Male,22,CSE,7.08,88.48,85.4,2,2,Yes
5776,Male,24,ECE,8.38,89.83,85.42,4,4,Yes
5777,Male,25,ME,7.89,95.93,100,1,3,Yes
5778,Male,22,EE,6.75,59.46,67.12,1,2,No
5779,Female,23,CSE,6.61,77.62,71.96,0,2,Yes
5780,Female,21,ME,6.76,79.43,81.81,3,1,Yes
5781,Female,22,CE,7.32,84.94,80.89,2,0,Yes
5782,Male,23,IT,8.38,91.75,95.35,3,1,Yes
5783,Female,22,ECE,7.01,75.82,69.39,2,3,Yes
5784,Male,20,CSE,6.29,73.8,72.5,1,3,Yes
5785,Female,21,ME,8.22,85.26,77.65,1,2,Yes
5786,Male,22,IT,7.58,72.13,79.8,0,4,Yes
5787,Female,21,ECE,8.33,80.6,82.98,0,7,Yes
5788,Male,24,ECE,6.71,78.0,85.21,1,3,Yes
5789,Male,24,ECE,5.93,78.57,79.42,2,4,Yes
5790,Female,22,CSE,6.26,83.94,79.76,2,4,Yes
5791,Female,22,CSE,5.54,63.66,61.9,1,2,No
5792,Male,23,CSE,7.69,79.48,74.03,0,3,Yes
5793,Male,20,ME,5.0,62.04,54.27,2,2,No
5794,Female,20,CSE,6.91,70.28,77.37,0,6,Yes
5795,Female,24,ECE,6.72,72.49,78.52,0,2,Yes
5796,Female,24,EE,9.79,98.27,95.36,2,7,Yes
5797,Male,22,ME,7.3,89.69,94.35,4,5,Yes
5798,Male,23,IT,6.67,71.54,75.31,0,6,Yes
5799,Female,23,CSE,7.65,76.17,70.52,0,5,Yes
5800,Female,24,ECE,5.65,64.85,65.83,1,6,Yes
5801,Male,22,CSE,6.87,64.55,71.9,2,7,Yes
5802,Male,21,CSE,7.21,72.79,65.86,2,6,Yes
5803,Female,24,CSE,5.66,62.48,61.62,3,5,Yes
5804,Female,22,CSE,6.09,68.88,59.35,1,3,No
5805,Male,20,ECE,8.75,92.95,86.34,1,5,Yes
5806,Male,20,CE,7.58,81.23,77.12,2,1,Yes
5807,Male,20,EE,6.18,58.55,56.63,4,4,Yes
5808,Female,21,CSE,6.54,66.11,73.01,3,0,Yes
5809,Male,22,ECE,9.25,97.19,88.7,2,7,Yes
5810,Female,25,ME,5.0,52.6,50.06,0,4,No
5811,Female,23,CE,7.2,82.75,84.24,0,2,Yes
5812,Male,22,IT,7.83,86.64,78.93,0,5,Yes
5813,Female,23,ECE,5.45,58.5,53.19,0,4,No
5814,Male,21,EE,7.73,75.0,75.83,2,6,Yes
5815,Male,25,CSE,6.47,58.83,60.16,1,6,Yes
5816,Female,25,EE,6.04,74.33,82.15,2,5,Yes
5817,Male,25,ECE,6.15,66.32,57.63,1,0,No
5818,Female,24,ME,6.66,65.55,62.29,3,1,Yes
5819,Female,25,CE,7.42,87.67,85.19,0,3,Yes
5820,Female,23,CSE,7.07,80.59,84.67,1,2,Yes
5821,Male,20,CSE,5.2,65.46,60.37,4,4,Yes
5822,Female,21,ECE,6.13,83.71,78.29,1,2,Yes
5823,Female,20,ECE,8.14,95.77,86.63,1,0,Yes
5824,Female,24,CSE,5.15,51.86,55.52,2,2,No
5825,Female,23,CSE,9.19,93.79,96.05,1,3,Yes
5826,Female,21,CE,5.51,64.78,63.74,1,7,Yes
5827,Male,21,ECE,6.63,79.52,83.43,0,5,Yes
5828,Male,24,IT,7.38,71.8,69.72,2,4,Yes
5829,Female,24,IT,5.57,58.83,64.47,2,4,No
5830,Female,24,ECE,6.59,71.18,67.68,3,5,Yes
5831,Female,25,EE,5.0,50.87,48.99,3,2,No
5832,Female,25,ECE,8.6,93.9,100,3,5,Yes
5833,Male,23,ME,5.65,52.62,53.06,2,0,No
5834,Female,21,CSE,7.53,69.62,75.72,3,8,Yes
5835,Male,23,ME,9.5,95.06,89.59,0,2,Yes
5836,Female,22,ME,7.44,88.17,78.4,2,4,Yes
5837,Male,24,ME,5.0,50.02,45,0,3,No
5838,Female,25,CSE,5.85,69.34,73.84,0,3,Yes
5839,Female,23,IT,7.47,70.59,69.29,1,4,Yes
5840,Male,23,IT,9.03,98.44,100,0,5,Yes
5841,Female,20,EE,5.02,53.69,50.64,1,2,No
5842,Female,20,CSE,9.24,96.78,92.09,1,3,Yes
5843,Male,20,ECE,5.0,51.19,46.53,2,1,No
5844,Male,22,IT,8.05,86.23,93.97,0,0,Yes
5845,Male,25,CSE,9.41,94.49,94.0,0,2,Yes
5846,Male,23,CSE,6.56,79.8,78.87,2,7,Yes
5847,Male,20,EE,7.3,72.35,75.58,1,4,Yes
5848,Female,24,EE,6.57,72.27,68.83,3,5,Yes
5849,Female,25,IT,6.71,78.86,81.96,1,4,Yes
5850,Female,24,ME,7.98,85.09,85.6,2,7,Yes
5851,Male,23,IT,5.0,60.64,51.41,1,2,No
5852,Male,22,EE,6.38,76.68,67.15,0,0,No
5853,Female,22,IT,6.69,71.89,65.53,2,5,Yes
5854,Male,23,CSE,5.0,56.84,48.29,2,6,Yes
5855,Male,22,ECE,5.0,54.4,58.83,1,2,No
5856,Male,20,ME,8.6,86.69,81.34,2,4,Yes
5857,Male,25,ECE,5.56,71.03,73.53,2,4,Yes
5858,Female,21,CSE,9.58,98.1,100,3,1,Yes
5859,Male,25,IT,5.93,55.18,55.34,4,6,Yes
5860,Female,23,CE,7.78,94.73,87.05,3,3,Yes
5861,Male,20,CSE,8.26,87.48,94.33,1,3,Yes
5862,Female,22,CSE,7.22,73.16,67.39,2,3,Yes
5863,Male,23,IT,5.0,59.1,52.2,3,4,Yes
5864,Female,23,EE,8.6,89.75,83.73,1,3,Yes
5865,Male,25,CSE,7.15,82.74,77.22,2,1,Yes
5866,Male,24,IT,6.81,81.68,72.79,2,1,Yes
5867,Female,24,ECE,6.84,68.62,70.63,0,1,No
5868,Female,21,IT,5.74,78.96,70.32,2,4,Yes
5869,Male,25,EE,5.73,61.27,65.75,1,3,Yes
5870,Female,24,EE,8.53,94.52,98.46,1,5,Yes
5871,Female,25,IT,5.94,52.62,57.53,0,7,No
5872,Male,20,EE,5.21,60.56,67.32,1,3,No
5873,Male,25,CE,7.02,75.59,73.56,2,7,Yes
5874,Male,25,CSE,6.68,84.49,82.84,2,3,Yes
5875,Male,23,IT,5.15,64.77,65.62,1,2,No
5876,Male,24,EE,6.94,81.28,81.79,1,2,Yes
5877,Male,22,IT,5.63,75.78,68.56,1,2,No
5878,Female,22,ECE,6.07,56.4,60.23,3,3,Yes
5879,Male,22,ME,8.17,80.52,88.07,1,8,Yes
5880,Female,21,IT,8.82,91.4,88.62,3,1,Yes
5881,Male,22,CSE,5.19,55.11,51.8,2,2,No
5882,Male,25,EE,5.65,66.03,67.29,3,2,Yes
5883,Male,20,ECE,6.38,70.56,70.18,0,4,No
5884,Male,23,CSE,6.24,76.25,70.48,1,2,Yes
5885,Female,22,IT,6.7,64.06,71.22,1,3,No
5886,Male,22,ME,6.29,65.15,63.92,1,3,Yes
5887,Male,25,ME,6.01,82.13,72.72,2,3,Yes
5888,Female,25,CE,7.51,80.84,85.75,2,7,Yes
5889,Male,24,CE,6.85,84.79,86.93,1,1,Yes
5890,Male,20,CE,5.77,68.87,67.9,2,4,Yes
5891,Male,23,IT,6.34,73.89,80.27,3,0,Yes
5892,Female,24,ECE,5.0,57.84,58.03,1,6,No
5893,Female,22,ECE,5.63,64.48,57.26,1,2,No
5894,Male,22,ECE,9.76,97.34,96.78,0,6,Yes
5895,Male,23,CSE,5.0,50.66,45,0,6,No
5896,Female,24,CSE,6.73,84.25,74.25,0,4,Yes
5897,Male,24,ME,7.84,80.85,85.0,2,1,Yes
5898,Male,23,CSE,9.79,98.27,98.03,1,5,Yes
5899,Male,25,ECE,5.44,68.54,70.2,1,1,No
5900,Female,24,CE,5.08,52.92,45,3,3,No
5901,Female,25,ECE,8.94,91.6,98.38,1,3,Yes
5902,Male,24,CSE,8.3,93.22,86.82,3,6,Yes
5903,Female,24,IT,5.92,79.84,70.79,2,2,Yes
5904,Male,24,ECE,7.78,72.32,79.71,2,2,Yes
5905,Female,24,CSE,5.37,71.3,73.23,1,6,Yes
5906,Male,25,EE,7.24,78.76,70.31,2,5,Yes
5907,Female,24,IT,6.7,71.0,71.19,0,0,No
5908,Female,24,EE,6.94,85.8,77.53,1,4,Yes
5909,Female,24,CE,5.74,73.19,66.1,2,3,Yes
5910,Male,22,CSE,5.0,52.16,57.8,1,5,No
5911,Male,24,ME,8.02,98.02,96.9,0,1,Yes
5912,Male,23,ME,5.0,53.94,60.2,0,5,No
5913,Male,22,EE,7.04,82.22,83.32,4,6,Yes
5914,Female,23,ECE,7.41,84.41,84.26,1,0,Yes
5915,Female,24,CSE,6.97,88.24,85.08,2,2,Yes
5916,Female,23,EE,5.0,50.23,57.75,1,0,No
5917,Male,21,IT,5.87,63.2,60.85,1,7,Yes
5918,Female,22,ECE,5.94,73.74,71.99,3,1,Yes
5919,Male,23,CSE,6.72,76.29,66.82,3,4,Yes
5920,Female,23,CSE,7.77,81.41,76.94,0,0,Yes
5921,Female,20,EE,5.43,57.69,47.97,1,6,No
5922,Male,23,CE,9.11,87.96,91.48,2,3,Yes
5923,Male,22,IT,5.43,66.26,63.71,1,4,No
5924,Female,23,CSE,7.91,97.42,96.01,1,6,Yes
5925,Male,20,CSE,5.0,58.61,54.95,1,6,No
5926,Male,24,IT,8.29,78.66,80.1,1,3,Yes
5927,Male,25,IT,5.0,51.73,53.72,2,3,No
5928,Female,25,CSE,5.0,53.22,45.1,0,4,No
5929,Female,25,EE,5.0,65.96,60.99,1,1,No
5930,Female,25,CSE,5.0,53.75,55.77,4,3,No
5931,Male,20,EE,6.18,68.49,71.04,3,2,Yes
5932,Male,24,CE,8.54,92.44,91.8,1,8,Yes
5933,Male,22,ECE,8.95,98.94,92.64,2,3,Yes
5934,Male,21,EE,6.78,70.48,67.52,2,4,Yes
5935,Male,22,CE,6.09,65.5,67.63,0,5,No
5936,Male,25,CSE,8.36,84.02,89.09,2,0,Yes
5937,Female,21,CE,5.23,50.97,46.7,1,1,No
5938,Female,22,CE,8.35,80.44,80.12,1,4,Yes
5939,Female,20,EE,5.0,70.37,62.0,1,3,No
5940,Female,25,EE,5.39,67.08,73.62,2,5,Yes
5941,Male,25,CSE,5.17,58.65,55.31,4,2,Yes
5942,Female,20,CE,8.98,87.53,95.42,1,5,Yes
5943,Female,22,ECE,5.77,75.2,72.61,2,2,No
5944,Male,20,CSE,7.08,86.44,77.24,2,6,Yes
5945,Female,22,CSE,5.0,63.71,61.18,4,6,Yes
5946,Female,21,EE,5.63,69.51,60.84,0,5,No
5947,Male,21,IT,5.95,54.64,57.62,1,4,Yes
5948,Female,20,ECE,8.47,81.83,83.86,1,2,Yes
5949,Female,24,IT,6.88,69.03,70.43,2,8,Yes
5950,Female,21,ME,6.93,62.57,68.62,3,5,Yes
5951,Male,23,CE,9.14,97.1,100,0,3,Yes
5952,Female,23,IT,5.93,81.09,74.62,1,5,Yes
5953,Female,25,CSE,6.06,66.39,73.49,1,4,No
5954,Female,24,CSE,5.28,60.28,60.43,1,3,No
5955,Male,22,EE,7.76,73.93,81.19,2,6,Yes
5956,Female,25,CE,6.34,69.9,66.89,1,3,No
5957,Female,20,CSE,7.41,89.56,79.84,2,3,Yes
5958,Female,24,EE,7.44,86.63,88.25,3,6,Yes
5959,Female,25,EE,5.0,58.03,51.08,1,0,No
5960,Female,24,CSE,5.0,51.82,49.55,2,1,No
5961,Male,21,IT,5.67,53.85,55.94,2,8,Yes
5962,Male,21,ECE,5.0,55.33,60.01,1,4,No
5963,Female,22,CSE,9.0,87.8,89.25,1,1,Yes
5964,Male,22,CSE,5.92,57.28,59.72,0,0,No
5965,Male,24,CSE,7.48,82.31,75.21,1,4,Yes
5966,Female,25,CE,6.4,66.45,70.11,4,1,Yes
5967,Female,21,ECE,8.02,93.82,96.35,2,5,Yes
5968,Female,24,ME,8.38,94.01,94.74,1,3,Yes
5969,Female,20,ECE,5.0,50.01,48.38,1,6,No
5970,Male,23,CE,8.25,94.58,97.56,1,5,Yes
5971,Male,21,IT,7.63,78.8,74.05,2,4,Yes
5972,Female,21,ECE,7.14,86.32,88.76,1,1,Yes
5973,Female,21,CSE,5.0,57.87,57.41,1,5,No
5974,Female,22,CSE,6.23,58.0,54.08,1,3,No
5975,Female,25,IT,9.83,98.35,100,2,8,Yes
5976,Male,22,CE,5.07,59.09,66.86,1,3,No
5977,Female,25,ECE,7.67,78.19,72.27,2,0,Yes
5978,Male,24,EE,5.16,59.63,66.81,1,2,No
5979,Female,25,CE,8.08,92.33,86.06,1,7,Yes
5980,Female,25,CE,7.53,95.39,85.78,0,4,Yes
5981,Female,22,ECE,5.0,52.9,55.49,2,3,No
5982,Female,25,CSE,5.0,50.28,45,3,4,No
5983,Male,22,IT,6.75,72.36,70.75,1,5,Yes
5984,Male,25,IT,6.5,81.67,87.32,2,3,Yes
5985,Female,23,ME,8.99,92.36,94.25,1,1,Yes
5986,Female,25,EE,6.43,62.94,64.21,2,1,Yes
5987,Male,25,IT,6.87,82.01,89.62,2,3,Yes
5988,Male,25,CE,9.04,90.54,97.63,1,3,Yes
5989,Male,22,CSE,6.57,64.16,67.94,4,2,Yes
5990,Male,25,ME,5.0,56.87,54.21,4,2,No
5991,Female,21,ECE,6.8,66.92,72.93,0,1,No
5992,Male,23,ECE,7.94,81.88,72.42,2,2,Yes
5993,Male,21,CSE,6.9,67.81,71.09,1,3,Yes
5994,Male,23,ECE,6.6,80.68,77.54,1,4,Yes
5995,Male,25,ME,5.04,72.55,63.98,0,0,No
5996,Female,22,ECE,5.0,50.45,47.5,3,1,No
5997,Male,25,ECE,5.0,50.97,46.0,2,4,No
5998,Male,21,EE,8.41,83.7,86.88,3,2,Yes
5999,Female,21,CSE,9.44,96.92,92.12,0,1,Yes
6000,Female,22,EE,5.0,60.14,50.67,2,2,No
